Using pre-set license
Built from '2021.3/release' branch; Version is '2021.3.38f1 (7a2fa5d8d101) revision 8007589'; Using compiler version '192829333'; Build Type 'Release'
OS: 'Windows 11  (10.0.26200) 64bit Professional' Language: 'en' Physical Memory: 14254 MB
BatchMode: 1, IsHumanControllingUs: 0, StartBugReporterOnCrash: 0, Is64bit: 1, IsPro: 1

COMMAND LINE ARGUMENTS:
C:\Program Files\Unity\Hub\Editor\2021.3.38f1\Editor\Unity.exe
-adb2
-batchMode
-noUpm
-name
AssetImportWorker0
-projectPath
C:/ZIII/MATERI KULIAH/Prak Game/Prak01/Green and Clean
-logFile
Logs/AssetImportWorker0.log
-srvPort
61245
Successfully changed project path to: C:/ZIII/MATERI KULIAH/Prak Game/Prak01/Green and Clean
C:/ZIII/MATERI KULIAH/Prak Game/Prak01/Green and Clean
[UnityMemory] Configuration Parameters - Can be set up in boot.config
    "memorysetup-bucket-allocator-granularity=16"
    "memorysetup-bucket-allocator-bucket-count=8"
    "memorysetup-bucket-allocator-block-size=33554432"
    "memorysetup-bucket-allocator-block-count=8"
    "memorysetup-main-allocator-block-size=16777216"
    "memorysetup-thread-allocator-block-size=16777216"
    "memorysetup-gfx-main-allocator-block-size=16777216"
    "memorysetup-gfx-thread-allocator-block-size=16777216"
    "memorysetup-cache-allocator-block-size=4194304"
    "memorysetup-typetree-allocator-block-size=2097152"
    "memorysetup-profiler-bucket-allocator-granularity=16"
    "memorysetup-profiler-bucket-allocator-bucket-count=8"
    "memorysetup-profiler-bucket-allocator-block-size=33554432"
    "memorysetup-profiler-bucket-allocator-block-count=8"
    "memorysetup-profiler-allocator-block-size=16777216"
    "memorysetup-profiler-editor-allocator-block-size=1048576"
    "memorysetup-temp-allocator-size-main=16777216"
    "memorysetup-job-temp-allocator-block-size=2097152"
    "memorysetup-job-temp-allocator-block-size-background=1048576"
    "memorysetup-job-temp-allocator-reduction-small-platforms=262144"
    "memorysetup-temp-allocator-size-background-worker=32768"
    "memorysetup-temp-allocator-size-job-worker=262144"
    "memorysetup-temp-allocator-size-preload-manager=33554432"
    "memorysetup-temp-allocator-size-nav-mesh-worker=65536"
    "memorysetup-temp-allocator-size-audio-worker=65536"
    "memorysetup-temp-allocator-size-cloud-worker=32768"
    "memorysetup-temp-allocator-size-gi-baking-worker=262144"
    "memorysetup-temp-allocator-size-gfx=262144"
Player connection [17696] Host "[IP] 192.168.56.1 [Port] 0 [Flags] 2 [Guid] 2137903208 [EditorId] 2137903208 [Version] 1048832 [Id] WindowsEditor(7,DESKTOP-E99HIQN) [Debug] 1 [PackageName] WindowsEditor [ProjectName] Editor" joined multi-casting on [225.0.0.222:54997]...

Player connection [17696] Host "[IP] 192.168.56.1 [Port] 0 [Flags] 2 [Guid] 2137903208 [EditorId] 2137903208 [Version] 1048832 [Id] WindowsEditor(7,DESKTOP-E99HIQN) [Debug] 1 [PackageName] WindowsEditor [ProjectName] Editor" joined alternative multi-casting on [225.0.0.222:34997]...

[Physics::Module] Initialized MultithreadedJobDispatcher with {0} workers.
Refreshing native plugins compatible for Editor in 136.20 ms, found 3 plugins.
Preloading 0 native plugins for Editor in 0.00 ms.
Initialize engine version: 2021.3.38f1 (7a2fa5d8d101)
[Subsystems] Discovering subsystems at path C:/Program Files/Unity/Hub/Editor/2021.3.38f1/Editor/Data/Resources/UnitySubsystems
[Subsystems] Discovering subsystems at path C:/ZIII/MATERI KULIAH/Prak Game/Prak01/Green and Clean/Assets
GfxDevice: creating device client; threaded=0; jobified=0
Direct3D:
    Version:  Direct3D 11.0 [level 11.1]
    Renderer: AMD Radeon(TM) Vega 10 Graphics (ID=0x15d8)
    Vendor:   ATI
    VRAM:     7127 MB
    Driver:   31.0.21923.1000
Initialize mono
Mono path[0] = 'C:/Program Files/Unity/Hub/Editor/2021.3.38f1/Editor/Data/Managed'
Mono path[1] = 'C:/Program Files/Unity/Hub/Editor/2021.3.38f1/Editor/Data/MonoBleedingEdge/lib/mono/unityjit-win32'
Mono config path = 'C:/Program Files/Unity/Hub/Editor/2021.3.38f1/Editor/Data/MonoBleedingEdge/etc'
Using monoOptions --debugger-agent=transport=dt_socket,embedding=1,server=y,suspend=n,address=127.0.0.1:56392
Begin MonoManager ReloadAssembly
Registering precompiled unity dll's ...
Register platform support module: C:/Program Files/Unity/Hub/Editor/2021.3.38f1/Editor/Data/PlaybackEngines/WindowsStandaloneSupport/UnityEditor.WindowsStandalone.Extensions.dll
Registered in 0.026043 seconds.
Native extension for WindowsStandalone target not found
Refreshing native plugins compatible for Editor in 195.94 ms, found 3 plugins.
Preloading 0 native plugins for Editor in 0.00 ms.
Mono: successfully reloaded assembly
- Completed reload, in  3.982 seconds
Domain Reload Profiling:
	ReloadAssembly (3984ms)
		BeginReloadAssembly (389ms)
			ExecutionOrderSort (0ms)
			DisableScriptedObjects (0ms)
			BackupInstance (0ms)
			ReleaseScriptingObjects (0ms)
			CreateAndSetChildDomain (1ms)
		EndReloadAssembly (3008ms)
			LoadAssemblies (384ms)
			RebuildTransferFunctionScriptingTraits (11ms)
			SetupTypeCache (688ms)
			ReleaseScriptCaches (0ms)
			RebuildScriptCaches (313ms)
			SetupLoadedEditorAssemblies (1793ms)
				LogAssemblyErrors (0ms)
				InitializePlatformSupportModulesInManaged (35ms)
				SetLoadedEditorAssemblies (1ms)
				RefreshPlugins (196ms)
				BeforeProcessingInitializeOnLoad (8ms)
				ProcessInitializeOnLoadAttributes (916ms)
				ProcessInitializeOnLoadMethodAttributes (636ms)
				AfterProcessingInitializeOnLoad (0ms)
				EditorAssembliesLoaded (1ms)
			ExecutionOrderSort2 (0ms)
			AwakeInstancesAfterBackupRestoration (0ms)
Platform modules already initialized, skipping
Registering precompiled user dll's ...
Registered in 0.030980 seconds.
Begin MonoManager ReloadAssembly
Native extension for WindowsStandalone target not found
Refreshing native plugins compatible for Editor in 1.13 ms, found 3 plugins.
Preloading 0 native plugins for Editor in 0.00 ms.
Package Manager log level set to [2]
[Package Manager] Server::EnsureServerProcessIsRunning -- launch failed, reason: Unity was launched with the -noUpm command-line argument
[Package Manager] Cannot connect to Unity Package Manager local server
Mono: successfully reloaded assembly
- Completed reload, in  5.205 seconds
Domain Reload Profiling:
	ReloadAssembly (5208ms)
		BeginReloadAssembly (752ms)
			ExecutionOrderSort (0ms)
			DisableScriptedObjects (56ms)
			BackupInstance (0ms)
			ReleaseScriptingObjects (0ms)
			CreateAndSetChildDomain (57ms)
		EndReloadAssembly (3669ms)
			LoadAssemblies (481ms)
			RebuildTransferFunctionScriptingTraits (0ms)
			SetupTypeCache (766ms)
			ReleaseScriptCaches (1ms)
			RebuildScriptCaches (98ms)
			SetupLoadedEditorAssemblies (2435ms)
				LogAssemblyErrors (0ms)
				InitializePlatformSupportModulesInManaged (12ms)
				SetLoadedEditorAssemblies (1ms)
				RefreshPlugins (1ms)
				BeforeProcessingInitializeOnLoad (146ms)
				ProcessInitializeOnLoadAttributes (2186ms)
				ProcessInitializeOnLoadMethodAttributes (62ms)
				AfterProcessingInitializeOnLoad (26ms)
				EditorAssembliesLoaded (0ms)
			ExecutionOrderSort2 (0ms)
			AwakeInstancesAfterBackupRestoration (29ms)
Platform modules already initialized, skipping
========================================================================
Worker process is ready to serve import requests
Launched and connected shader compiler UnityShaderCompiler.exe after 0.11 seconds
Refreshing native plugins compatible for Editor in 1.45 ms, found 3 plugins.
Preloading 0 native plugins for Editor in 0.00 ms.
Unloading 3082 Unused Serialized files (Serialized files now loaded: 0)
Unloading 24 unused Assets / (46.4 KB). Loaded Objects now: 3541.
Memory consumption went from 106.8 MB to 106.8 MB.
Total: 8.284900 ms (FindLiveObjects: 0.466900 ms CreateObjectMapping: 0.467200 ms MarkObjects: 7.168700 ms  DeleteObjects: 0.179900 ms)

AssetImportParameters requested are different than current active one (requested -> active):
  custom:video-decoder-ogg-theora: a1e56fd34408186e4bbccfd4996cb3dc -> 
  custom:container-muxer-webm: aa71ff27fc2769a1b78a27578f13a17b -> 
  custom:container-demuxer-webm: 4f35f7cbe854078d1ac9338744f61a02 -> 
  custom:video-encoder-webm-vp8: eb34c28f22e8b96e1ab97ce403110664 -> 
  custom:video-codec-MediaFoundation-h265: 746d11721c4dcdbdad8f713fa42b33f4 -> 
  custom:CustomObjectIndexerAttribute: bc11b3a6c3213fcdd17b65e7da85e133 -> 
  custom:audio-encoder-webm-vorbis: bf7c407c2cedff20999df2af8eb42d56 -> 
  custom:framework-win-MediaFoundation: 216162199b28c13a410421893ffa2e32 -> 
  custom:SearchIndexIgnoredProperties: e643bd26f0fe6173181afceb89e7c659 -> 
  custom:container-demuxer-ogg: 62fdf1f143b41e24485cea50d1cbac27 -> 
  custom:video-decoder-webm-vp8: 9c59270c3fd7afecdb556c50c9e8de78 -> 
  custom:audio-decoder-ogg-vorbis: bf7c407c2cedff20999df2af8eb42d56 -> 
========================================================================
Received Prepare
Registering precompiled user dll's ...
Registered in 0.014074 seconds.
Begin MonoManager ReloadAssembly
Native extension for WindowsStandalone target not found
Refreshing native plugins compatible for Editor in 2.21 ms, found 3 plugins.
Preloading 0 native plugins for Editor in 0.00 ms.
[Package Manager] Server::EnsureServerProcessIsRunning -- launch failed, reason: Unity was launched with the -noUpm command-line argument
[Package Manager] Cannot connect to Unity Package Manager local server
Mono: successfully reloaded assembly
- Completed reload, in  4.625 seconds
Domain Reload Profiling:
	ReloadAssembly (4627ms)
		BeginReloadAssembly (597ms)
			ExecutionOrderSort (0ms)
			DisableScriptedObjects (20ms)
			BackupInstance (0ms)
			ReleaseScriptingObjects (0ms)
			CreateAndSetChildDomain (137ms)
		EndReloadAssembly (3687ms)
			LoadAssemblies (450ms)
			RebuildTransferFunctionScriptingTraits (0ms)
			SetupTypeCache (973ms)
			ReleaseScriptCaches (5ms)
			RebuildScriptCaches (165ms)
			SetupLoadedEditorAssemblies (2113ms)
				LogAssemblyErrors (0ms)
				InitializePlatformSupportModulesInManaged (23ms)
				SetLoadedEditorAssemblies (2ms)
				RefreshPlugins (3ms)
				BeforeProcessingInitializeOnLoad (213ms)
				ProcessInitializeOnLoadAttributes (1795ms)
				ProcessInitializeOnLoadMethodAttributes (50ms)
				AfterProcessingInitializeOnLoad (28ms)
				EditorAssembliesLoaded (1ms)
			ExecutionOrderSort2 (0ms)
			AwakeInstancesAfterBackupRestoration (34ms)
Platform modules already initialized, skipping
Refreshing native plugins compatible for Editor in 1.32 ms, found 3 plugins.
Preloading 0 native plugins for Editor in 0.00 ms.
Unloading 3075 Unused Serialized files (Serialized files now loaded: 0)
Unloading 19 unused Assets / (21.9 KB). Loaded Objects now: 3544.
Memory consumption went from 106.7 MB to 106.7 MB.
Total: 12.995600 ms (FindLiveObjects: 0.955900 ms CreateObjectMapping: 0.426300 ms MarkObjects: 11.479600 ms  DeleteObjects: 0.129400 ms)

AssetImportParameters requested are different than current active one (requested -> active):
  custom:video-decoder-ogg-theora: a1e56fd34408186e4bbccfd4996cb3dc -> 
  custom:container-muxer-webm: aa71ff27fc2769a1b78a27578f13a17b -> 
  custom:container-demuxer-webm: 4f35f7cbe854078d1ac9338744f61a02 -> 
  custom:video-encoder-webm-vp8: eb34c28f22e8b96e1ab97ce403110664 -> 
  custom:video-codec-MediaFoundation-h265: 746d11721c4dcdbdad8f713fa42b33f4 -> 
  custom:CustomObjectIndexerAttribute: bc11b3a6c3213fcdd17b65e7da85e133 -> 
  custom:audio-encoder-webm-vorbis: bf7c407c2cedff20999df2af8eb42d56 -> 
  custom:framework-win-MediaFoundation: 216162199b28c13a410421893ffa2e32 -> 
  custom:SearchIndexIgnoredProperties: e643bd26f0fe6173181afceb89e7c659 -> 
  custom:container-demuxer-ogg: 62fdf1f143b41e24485cea50d1cbac27 -> 
  custom:video-decoder-webm-vp8: 9c59270c3fd7afecdb556c50c9e8de78 -> 
  custom:audio-decoder-ogg-vorbis: bf7c407c2cedff20999df2af8eb42d56 -> 
========================================================================
Received Import Request.
  Time since last request: 4842.079118 seconds.
  path: Assets/Script/PickupItem.cs
  artifactKey: Guid(533093102f9184543ba3a54543eb2458) Importer(815301076,1909f56bfc062723c751e8b465ee728b)
Number of updated assets reloaded before import = 0
Start importing Assets/Script/PickupItem.cs using Guid(533093102f9184543ba3a54543eb2458) Importer(815301076,1909f56bfc062723c751e8b465ee728b)  -> (artifact id: 'cab9adf9db37be7d78c687477ab1d65b') in 0.145499 seconds 
Number of asset objects unloaded after import = 0
========================================================================
Received Prepare
Registering precompiled user dll's ...
Registered in 0.018103 seconds.
Begin MonoManager ReloadAssembly
Native extension for WindowsStandalone target not found
Refreshing native plugins compatible for Editor in 0.86 ms, found 3 plugins.
Preloading 0 native plugins for Editor in 0.00 ms.
[Package Manager] Server::EnsureServerProcessIsRunning -- launch failed, reason: Unity was launched with the -noUpm command-line argument
[Package Manager] Cannot connect to Unity Package Manager local server
Mono: successfully reloaded assembly
- Completed reload, in  2.708 seconds
Domain Reload Profiling:
	ReloadAssembly (2710ms)
		BeginReloadAssembly (332ms)
			ExecutionOrderSort (0ms)
			DisableScriptedObjects (11ms)
			BackupInstance (0ms)
			ReleaseScriptingObjects (0ms)
			CreateAndSetChildDomain (84ms)
		EndReloadAssembly (2186ms)
			LoadAssemblies (229ms)
			RebuildTransferFunctionScriptingTraits (0ms)
			SetupTypeCache (520ms)
			ReleaseScriptCaches (2ms)
			RebuildScriptCaches (84ms)
			SetupLoadedEditorAssemblies (1330ms)
				LogAssemblyErrors (0ms)
				InitializePlatformSupportModulesInManaged (11ms)
				SetLoadedEditorAssemblies (1ms)
				RefreshPlugins (1ms)
				BeforeProcessingInitializeOnLoad (99ms)
				ProcessInitializeOnLoadAttributes (1152ms)
				ProcessInitializeOnLoadMethodAttributes (44ms)
				AfterProcessingInitializeOnLoad (22ms)
				EditorAssembliesLoaded (0ms)
			ExecutionOrderSort2 (0ms)
			AwakeInstancesAfterBackupRestoration (18ms)
Platform modules already initialized, skipping
Refreshing native plugins compatible for Editor in 1.13 ms, found 3 plugins.
Preloading 0 native plugins for Editor in 0.00 ms.
Unloading 3076 Unused Serialized files (Serialized files now loaded: 0)
Unloading 19 unused Assets / (21.9 KB). Loaded Objects now: 3548.
Memory consumption went from 106.7 MB to 106.7 MB.
Total: 10.297300 ms (FindLiveObjects: 0.586800 ms CreateObjectMapping: 0.596500 ms MarkObjects: 9.034700 ms  DeleteObjects: 0.076800 ms)

AssetImportParameters requested are different than current active one (requested -> active):
  custom:video-decoder-ogg-theora: a1e56fd34408186e4bbccfd4996cb3dc -> 
  custom:container-muxer-webm: aa71ff27fc2769a1b78a27578f13a17b -> 
  custom:container-demuxer-webm: 4f35f7cbe854078d1ac9338744f61a02 -> 
  custom:video-encoder-webm-vp8: eb34c28f22e8b96e1ab97ce403110664 -> 
  custom:video-codec-MediaFoundation-h265: 746d11721c4dcdbdad8f713fa42b33f4 -> 
  custom:CustomObjectIndexerAttribute: bc11b3a6c3213fcdd17b65e7da85e133 -> 
  custom:audio-encoder-webm-vorbis: bf7c407c2cedff20999df2af8eb42d56 -> 
  custom:framework-win-MediaFoundation: 216162199b28c13a410421893ffa2e32 -> 
  custom:SearchIndexIgnoredProperties: e643bd26f0fe6173181afceb89e7c659 -> 
  custom:container-demuxer-ogg: 62fdf1f143b41e24485cea50d1cbac27 -> 
  custom:video-decoder-webm-vp8: 9c59270c3fd7afecdb556c50c9e8de78 -> 
  custom:audio-decoder-ogg-vorbis: bf7c407c2cedff20999df2af8eb42d56 -> 
========================================================================
Received Prepare
Registering precompiled user dll's ...
Registered in 0.024771 seconds.
Begin MonoManager ReloadAssembly
Native extension for WindowsStandalone target not found
Refreshing native plugins compatible for Editor in 0.85 ms, found 3 plugins.
Preloading 0 native plugins for Editor in 0.00 ms.
[Package Manager] Server::EnsureServerProcessIsRunning -- launch failed, reason: Unity was launched with the -noUpm command-line argument
[Package Manager] Cannot connect to Unity Package Manager local server
Mono: successfully reloaded assembly
- Completed reload, in  2.555 seconds
Domain Reload Profiling:
	ReloadAssembly (2556ms)
		BeginReloadAssembly (307ms)
			ExecutionOrderSort (0ms)
			DisableScriptedObjects (12ms)
			BackupInstance (0ms)
			ReleaseScriptingObjects (0ms)
			CreateAndSetChildDomain (72ms)
		EndReloadAssembly (2042ms)
			LoadAssemblies (203ms)
			RebuildTransferFunctionScriptingTraits (0ms)
			SetupTypeCache (389ms)
			ReleaseScriptCaches (1ms)
			RebuildScriptCaches (60ms)
			SetupLoadedEditorAssemblies (1360ms)
				LogAssemblyErrors (0ms)
				InitializePlatformSupportModulesInManaged (13ms)
				SetLoadedEditorAssemblies (1ms)
				RefreshPlugins (1ms)
				BeforeProcessingInitializeOnLoad (136ms)
				ProcessInitializeOnLoadAttributes (1145ms)
				ProcessInitializeOnLoadMethodAttributes (41ms)
				AfterProcessingInitializeOnLoad (22ms)
				EditorAssembliesLoaded (0ms)
			ExecutionOrderSort2 (0ms)
			AwakeInstancesAfterBackupRestoration (20ms)
Platform modules already initialized, skipping
Refreshing native plugins compatible for Editor in 1.27 ms, found 3 plugins.
Preloading 0 native plugins for Editor in 0.00 ms.
Unloading 3076 Unused Serialized files (Serialized files now loaded: 0)
Unloading 19 unused Assets / (21.9 KB). Loaded Objects now: 3551.
Memory consumption went from 106.8 MB to 106.7 MB.
Total: 9.969000 ms (FindLiveObjects: 0.504800 ms CreateObjectMapping: 0.287700 ms MarkObjects: 9.107100 ms  DeleteObjects: 0.067400 ms)

AssetImportParameters requested are different than current active one (requested -> active):
  custom:video-decoder-ogg-theora: a1e56fd34408186e4bbccfd4996cb3dc -> 
  custom:container-muxer-webm: aa71ff27fc2769a1b78a27578f13a17b -> 
  custom:container-demuxer-webm: 4f35f7cbe854078d1ac9338744f61a02 -> 
  custom:video-encoder-webm-vp8: eb34c28f22e8b96e1ab97ce403110664 -> 
  custom:video-codec-MediaFoundation-h265: 746d11721c4dcdbdad8f713fa42b33f4 -> 
  custom:CustomObjectIndexerAttribute: bc11b3a6c3213fcdd17b65e7da85e133 -> 
  custom:audio-encoder-webm-vorbis: bf7c407c2cedff20999df2af8eb42d56 -> 
  custom:framework-win-MediaFoundation: 216162199b28c13a410421893ffa2e32 -> 
  custom:SearchIndexIgnoredProperties: e643bd26f0fe6173181afceb89e7c659 -> 
  custom:container-demuxer-ogg: 62fdf1f143b41e24485cea50d1cbac27 -> 
  custom:video-decoder-webm-vp8: 9c59270c3fd7afecdb556c50c9e8de78 -> 
  custom:audio-decoder-ogg-vorbis: bf7c407c2cedff20999df2af8eb42d56 -> 
========================================================================
Received Import Request.
  Time since last request: 114.056392 seconds.
  path: ProjectSettings/TagManager.asset
  artifactKey: Guid(00000000000000003000000000000000) Importer(815301076,1909f56bfc062723c751e8b465ee728b)
Number of updated assets reloaded before import = 0
Start importing ProjectSettings/TagManager.asset using Guid(00000000000000003000000000000000) Importer(815301076,1909f56bfc062723c751e8b465ee728b)  -> (artifact id: '0888fe8fc018d90d61a45ae4c9885f9f') in 0.044275 seconds 
Number of asset objects unloaded after import = 0
========================================================================
Received Prepare
Registering precompiled user dll's ...
Registered in 0.019533 seconds.
Begin MonoManager ReloadAssembly
Native extension for WindowsStandalone target not found
Refreshing native plugins compatible for Editor in 2.09 ms, found 3 plugins.
Preloading 0 native plugins for Editor in 0.00 ms.
[Package Manager] Server::EnsureServerProcessIsRunning -- launch failed, reason: Unity was launched with the -noUpm command-line argument
[Package Manager] Cannot connect to Unity Package Manager local server
Mono: successfully reloaded assembly
- Completed reload, in  4.161 seconds
Domain Reload Profiling:
	ReloadAssembly (4164ms)
		BeginReloadAssembly (337ms)
			ExecutionOrderSort (0ms)
			DisableScriptedObjects (11ms)
			BackupInstance (0ms)
			ReleaseScriptingObjects (0ms)
			CreateAndSetChildDomain (60ms)
		EndReloadAssembly (3524ms)
			LoadAssemblies (294ms)
			RebuildTransferFunctionScriptingTraits (0ms)
			SetupTypeCache (902ms)
			ReleaseScriptCaches (3ms)
			RebuildScriptCaches (113ms)
			SetupLoadedEditorAssemblies (2094ms)
				LogAssemblyErrors (0ms)
				InitializePlatformSupportModulesInManaged (19ms)
				SetLoadedEditorAssemblies (2ms)
				RefreshPlugins (2ms)
				BeforeProcessingInitializeOnLoad (196ms)
				ProcessInitializeOnLoadAttributes (1759ms)
				ProcessInitializeOnLoadMethodAttributes (83ms)
				AfterProcessingInitializeOnLoad (31ms)
				EditorAssembliesLoaded (0ms)
			ExecutionOrderSort2 (0ms)
			AwakeInstancesAfterBackupRestoration (34ms)
Platform modules already initialized, skipping
Refreshing native plugins compatible for Editor in 1.30 ms, found 3 plugins.
Preloading 0 native plugins for Editor in 0.00 ms.
Unloading 3076 Unused Serialized files (Serialized files now loaded: 0)
Unloading 20 unused Assets / (22.0 KB). Loaded Objects now: 3555.
Memory consumption went from 106.8 MB to 106.7 MB.
Total: 7.750400 ms (FindLiveObjects: 1.000400 ms CreateObjectMapping: 0.297700 ms MarkObjects: 6.336200 ms  DeleteObjects: 0.112400 ms)

AssetImportParameters requested are different than current active one (requested -> active):
  custom:video-decoder-ogg-theora: a1e56fd34408186e4bbccfd4996cb3dc -> 
  custom:container-muxer-webm: aa71ff27fc2769a1b78a27578f13a17b -> 
  custom:container-demuxer-webm: 4f35f7cbe854078d1ac9338744f61a02 -> 
  custom:video-encoder-webm-vp8: eb34c28f22e8b96e1ab97ce403110664 -> 
  custom:video-codec-MediaFoundation-h265: 746d11721c4dcdbdad8f713fa42b33f4 -> 
  custom:CustomObjectIndexerAttribute: bc11b3a6c3213fcdd17b65e7da85e133 -> 
  custom:audio-encoder-webm-vorbis: bf7c407c2cedff20999df2af8eb42d56 -> 
  custom:framework-win-MediaFoundation: 216162199b28c13a410421893ffa2e32 -> 
  custom:SearchIndexIgnoredProperties: e643bd26f0fe6173181afceb89e7c659 -> 
  custom:container-demuxer-ogg: 62fdf1f143b41e24485cea50d1cbac27 -> 
  custom:video-decoder-webm-vp8: 9c59270c3fd7afecdb556c50c9e8de78 -> 
  custom:audio-decoder-ogg-vorbis: bf7c407c2cedff20999df2af8eb42d56 -> 
========================================================================
Received Prepare
Registering precompiled user dll's ...
Registered in 0.021879 seconds.
Begin MonoManager ReloadAssembly
Native extension for WindowsStandalone target not found
Refreshing native plugins compatible for Editor in 1.41 ms, found 3 plugins.
Preloading 0 native plugins for Editor in 0.00 ms.
[Package Manager] Server::EnsureServerProcessIsRunning -- launch failed, reason: Unity was launched with the -noUpm command-line argument
[Package Manager] Cannot connect to Unity Package Manager local server
Mono: successfully reloaded assembly
- Completed reload, in  5.544 seconds
Domain Reload Profiling:
	ReloadAssembly (5546ms)
		BeginReloadAssembly (604ms)
			ExecutionOrderSort (0ms)
			DisableScriptedObjects (12ms)
			BackupInstance (0ms)
			ReleaseScriptingObjects (0ms)
			CreateAndSetChildDomain (111ms)
		EndReloadAssembly (4540ms)
			LoadAssemblies (544ms)
			RebuildTransferFunctionScriptingTraits (0ms)
			SetupTypeCache (1111ms)
			ReleaseScriptCaches (4ms)
			RebuildScriptCaches (162ms)
			SetupLoadedEditorAssemblies (2651ms)
				LogAssemblyErrors (0ms)
				InitializePlatformSupportModulesInManaged (23ms)
				SetLoadedEditorAssemblies (2ms)
				RefreshPlugins (2ms)
				BeforeProcessingInitializeOnLoad (261ms)
				ProcessInitializeOnLoadAttributes (2177ms)
				ProcessInitializeOnLoadMethodAttributes (131ms)
				AfterProcessingInitializeOnLoad (54ms)
				EditorAssembliesLoaded (1ms)
			ExecutionOrderSort2 (0ms)
			AwakeInstancesAfterBackupRestoration (54ms)
Platform modules already initialized, skipping
Refreshing native plugins compatible for Editor in 2.57 ms, found 3 plugins.
Preloading 0 native plugins for Editor in 0.00 ms.
Unloading 3076 Unused Serialized files (Serialized files now loaded: 0)
Unloading 19 unused Assets / (22.0 KB). Loaded Objects now: 3558.
Memory consumption went from 106.8 MB to 106.8 MB.
Total: 11.193100 ms (FindLiveObjects: 1.130200 ms CreateObjectMapping: 0.822300 ms MarkObjects: 9.128100 ms  DeleteObjects: 0.108500 ms)

AssetImportParameters requested are different than current active one (requested -> active):
  custom:video-decoder-ogg-theora: a1e56fd34408186e4bbccfd4996cb3dc -> 
  custom:container-muxer-webm: aa71ff27fc2769a1b78a27578f13a17b -> 
  custom:container-demuxer-webm: 4f35f7cbe854078d1ac9338744f61a02 -> 
  custom:video-encoder-webm-vp8: eb34c28f22e8b96e1ab97ce403110664 -> 
  custom:video-codec-MediaFoundation-h265: 746d11721c4dcdbdad8f713fa42b33f4 -> 
  custom:CustomObjectIndexerAttribute: bc11b3a6c3213fcdd17b65e7da85e133 -> 
  custom:audio-encoder-webm-vorbis: bf7c407c2cedff20999df2af8eb42d56 -> 
  custom:framework-win-MediaFoundation: 216162199b28c13a410421893ffa2e32 -> 
  custom:SearchIndexIgnoredProperties: e643bd26f0fe6173181afceb89e7c659 -> 
  custom:container-demuxer-ogg: 62fdf1f143b41e24485cea50d1cbac27 -> 
  custom:video-decoder-webm-vp8: 9c59270c3fd7afecdb556c50c9e8de78 -> 
  custom:audio-decoder-ogg-vorbis: bf7c407c2cedff20999df2af8eb42d56 -> 
========================================================================
Received Prepare
Registering precompiled user dll's ...
Registered in 0.022597 seconds.
Begin MonoManager ReloadAssembly
Native extension for WindowsStandalone target not found
Refreshing native plugins compatible for Editor in 1.14 ms, found 3 plugins.
Preloading 0 native plugins for Editor in 0.00 ms.
[Package Manager] Server::EnsureServerProcessIsRunning -- launch failed, reason: Unity was launched with the -noUpm command-line argument
[Package Manager] Cannot connect to Unity Package Manager local server
Mono: successfully reloaded assembly
- Completed reload, in  4.023 seconds
Domain Reload Profiling:
	ReloadAssembly (4025ms)
		BeginReloadAssembly (401ms)
			ExecutionOrderSort (0ms)
			DisableScriptedObjects (11ms)
			BackupInstance (0ms)
			ReleaseScriptingObjects (0ms)
			CreateAndSetChildDomain (79ms)
		EndReloadAssembly (3321ms)
			LoadAssemblies (325ms)
			RebuildTransferFunctionScriptingTraits (0ms)
			SetupTypeCache (802ms)
			ReleaseScriptCaches (3ms)
			RebuildScriptCaches (110ms)
			SetupLoadedEditorAssemblies (1972ms)
				LogAssemblyErrors (0ms)
				InitializePlatformSupportModulesInManaged (21ms)
				SetLoadedEditorAssemblies (1ms)
				RefreshPlugins (1ms)
				BeforeProcessingInitializeOnLoad (148ms)
				ProcessInitializeOnLoadAttributes (1683ms)
				ProcessInitializeOnLoadMethodAttributes (77ms)
				AfterProcessingInitializeOnLoad (40ms)
				EditorAssembliesLoaded (1ms)
			ExecutionOrderSort2 (0ms)
			AwakeInstancesAfterBackupRestoration (35ms)
Platform modules already initialized, skipping
Refreshing native plugins compatible for Editor in 1.49 ms, found 3 plugins.
Preloading 0 native plugins for Editor in 0.00 ms.
Unloading 3076 Unused Serialized files (Serialized files now loaded: 0)
Unloading 19 unused Assets / (21.9 KB). Loaded Objects now: 3561.
Memory consumption went from 106.8 MB to 106.8 MB.
Total: 10.458600 ms (FindLiveObjects: 0.629900 ms CreateObjectMapping: 0.307000 ms MarkObjects: 9.395100 ms  DeleteObjects: 0.122600 ms)

AssetImportParameters requested are different than current active one (requested -> active):
  custom:video-decoder-ogg-theora: a1e56fd34408186e4bbccfd4996cb3dc -> 
  custom:container-muxer-webm: aa71ff27fc2769a1b78a27578f13a17b -> 
  custom:container-demuxer-webm: 4f35f7cbe854078d1ac9338744f61a02 -> 
  custom:video-encoder-webm-vp8: eb34c28f22e8b96e1ab97ce403110664 -> 
  custom:video-codec-MediaFoundation-h265: 746d11721c4dcdbdad8f713fa42b33f4 -> 
  custom:CustomObjectIndexerAttribute: bc11b3a6c3213fcdd17b65e7da85e133 -> 
  custom:audio-encoder-webm-vorbis: bf7c407c2cedff20999df2af8eb42d56 -> 
  custom:framework-win-MediaFoundation: 216162199b28c13a410421893ffa2e32 -> 
  custom:SearchIndexIgnoredProperties: e643bd26f0fe6173181afceb89e7c659 -> 
  custom:container-demuxer-ogg: 62fdf1f143b41e24485cea50d1cbac27 -> 
  custom:video-decoder-webm-vp8: 9c59270c3fd7afecdb556c50c9e8de78 -> 
  custom:audio-decoder-ogg-vorbis: bf7c407c2cedff20999df2af8eb42d56 -> 
========================================================================
Received Prepare
Registering precompiled user dll's ...
Registered in 0.017274 seconds.
Begin MonoManager ReloadAssembly
Native extension for WindowsStandalone target not found
Refreshing native plugins compatible for Editor in 1.78 ms, found 3 plugins.
Preloading 0 native plugins for Editor in 0.00 ms.
[Package Manager] Server::EnsureServerProcessIsRunning -- launch failed, reason: Unity was launched with the -noUpm command-line argument
[Package Manager] Cannot connect to Unity Package Manager local server
Mono: successfully reloaded assembly
- Completed reload, in  4.138 seconds
Domain Reload Profiling:
	ReloadAssembly (4140ms)
		BeginReloadAssembly (373ms)
			ExecutionOrderSort (0ms)
			DisableScriptedObjects (10ms)
			BackupInstance (0ms)
			ReleaseScriptingObjects (0ms)
			CreateAndSetChildDomain (62ms)
		EndReloadAssembly (3427ms)
			LoadAssemblies (340ms)
			RebuildTransferFunctionScriptingTraits (0ms)
			SetupTypeCache (884ms)
			ReleaseScriptCaches (4ms)
			RebuildScriptCaches (142ms)
			SetupLoadedEditorAssemblies (1987ms)
				LogAssemblyErrors (0ms)
				InitializePlatformSupportModulesInManaged (23ms)
				SetLoadedEditorAssemblies (2ms)
				RefreshPlugins (2ms)
				BeforeProcessingInitializeOnLoad (188ms)
				ProcessInitializeOnLoadAttributes (1677ms)
				ProcessInitializeOnLoadMethodAttributes (68ms)
				AfterProcessingInitializeOnLoad (27ms)
				EditorAssembliesLoaded (1ms)
			ExecutionOrderSort2 (0ms)
			AwakeInstancesAfterBackupRestoration (30ms)
Platform modules already initialized, skipping
Refreshing native plugins compatible for Editor in 1.75 ms, found 3 plugins.
Preloading 0 native plugins for Editor in 0.00 ms.
Unloading 3076 Unused Serialized files (Serialized files now loaded: 0)
Unloading 19 unused Assets / (21.9 KB). Loaded Objects now: 3564.
Memory consumption went from 106.8 MB to 106.8 MB.
Total: 13.215500 ms (FindLiveObjects: 1.129100 ms CreateObjectMapping: 1.234100 ms MarkObjects: 10.777900 ms  DeleteObjects: 0.071300 ms)

AssetImportParameters requested are different than current active one (requested -> active):
  custom:video-decoder-ogg-theora: a1e56fd34408186e4bbccfd4996cb3dc -> 
  custom:container-muxer-webm: aa71ff27fc2769a1b78a27578f13a17b -> 
  custom:container-demuxer-webm: 4f35f7cbe854078d1ac9338744f61a02 -> 
  custom:video-encoder-webm-vp8: eb34c28f22e8b96e1ab97ce403110664 -> 
  custom:video-codec-MediaFoundation-h265: 746d11721c4dcdbdad8f713fa42b33f4 -> 
  custom:CustomObjectIndexerAttribute: bc11b3a6c3213fcdd17b65e7da85e133 -> 
  custom:audio-encoder-webm-vorbis: bf7c407c2cedff20999df2af8eb42d56 -> 
  custom:framework-win-MediaFoundation: 216162199b28c13a410421893ffa2e32 -> 
  custom:SearchIndexIgnoredProperties: e643bd26f0fe6173181afceb89e7c659 -> 
  custom:container-demuxer-ogg: 62fdf1f143b41e24485cea50d1cbac27 -> 
  custom:video-decoder-webm-vp8: 9c59270c3fd7afecdb556c50c9e8de78 -> 
  custom:audio-decoder-ogg-vorbis: bf7c407c2cedff20999df2af8eb42d56 -> 
========================================================================
Received Prepare
Registering precompiled user dll's ...
Registered in 0.017316 seconds.
Begin MonoManager ReloadAssembly
Native extension for WindowsStandalone target not found
Refreshing native plugins compatible for Editor in 0.99 ms, found 3 plugins.
Preloading 0 native plugins for Editor in 0.00 ms.
[Package Manager] Server::EnsureServerProcessIsRunning -- launch failed, reason: Unity was launched with the -noUpm command-line argument
[Package Manager] Cannot connect to Unity Package Manager local server
Mono: successfully reloaded assembly
- Completed reload, in  4.037 seconds
Domain Reload Profiling:
	ReloadAssembly (4039ms)
		BeginReloadAssembly (326ms)
			ExecutionOrderSort (0ms)
			DisableScriptedObjects (12ms)
			BackupInstance (0ms)
			ReleaseScriptingObjects (0ms)
			CreateAndSetChildDomain (54ms)
		EndReloadAssembly (3534ms)
			LoadAssemblies (273ms)
			RebuildTransferFunctionScriptingTraits (0ms)
			SetupTypeCache (916ms)
			ReleaseScriptCaches (4ms)
			RebuildScriptCaches (145ms)
			SetupLoadedEditorAssemblies (2094ms)
				LogAssemblyErrors (0ms)
				InitializePlatformSupportModulesInManaged (21ms)
				SetLoadedEditorAssemblies (1ms)
				RefreshPlugins (1ms)
				BeforeProcessingInitializeOnLoad (202ms)
				ProcessInitializeOnLoadAttributes (1755ms)
				ProcessInitializeOnLoadMethodAttributes (74ms)
				AfterProcessingInitializeOnLoad (39ms)
				EditorAssembliesLoaded (1ms)
			ExecutionOrderSort2 (0ms)
			AwakeInstancesAfterBackupRestoration (34ms)
Platform modules already initialized, skipping
Refreshing native plugins compatible for Editor in 2.40 ms, found 3 plugins.
Preloading 0 native plugins for Editor in 0.00 ms.
Unloading 3076 Unused Serialized files (Serialized files now loaded: 0)
Unloading 19 unused Assets / (21.9 KB). Loaded Objects now: 3567.
Memory consumption went from 106.8 MB to 106.8 MB.
Total: 13.121000 ms (FindLiveObjects: 0.614900 ms CreateObjectMapping: 0.916100 ms MarkObjects: 11.472400 ms  DeleteObjects: 0.113500 ms)

AssetImportParameters requested are different than current active one (requested -> active):
  custom:video-decoder-ogg-theora: a1e56fd34408186e4bbccfd4996cb3dc -> 
  custom:container-muxer-webm: aa71ff27fc2769a1b78a27578f13a17b -> 
  custom:container-demuxer-webm: 4f35f7cbe854078d1ac9338744f61a02 -> 
  custom:video-encoder-webm-vp8: eb34c28f22e8b96e1ab97ce403110664 -> 
  custom:video-codec-MediaFoundation-h265: 746d11721c4dcdbdad8f713fa42b33f4 -> 
  custom:CustomObjectIndexerAttribute: bc11b3a6c3213fcdd17b65e7da85e133 -> 
  custom:audio-encoder-webm-vorbis: bf7c407c2cedff20999df2af8eb42d56 -> 
  custom:framework-win-MediaFoundation: 216162199b28c13a410421893ffa2e32 -> 
  custom:SearchIndexIgnoredProperties: e643bd26f0fe6173181afceb89e7c659 -> 
  custom:container-demuxer-ogg: 62fdf1f143b41e24485cea50d1cbac27 -> 
  custom:video-decoder-webm-vp8: 9c59270c3fd7afecdb556c50c9e8de78 -> 
  custom:audio-decoder-ogg-vorbis: bf7c407c2cedff20999df2af8eb42d56 -> 
========================================================================
Received Prepare
Registering precompiled user dll's ...
Registered in 0.016886 seconds.
Begin MonoManager ReloadAssembly
Native extension for WindowsStandalone target not found
Refreshing native plugins compatible for Editor in 1.06 ms, found 3 plugins.
Preloading 0 native plugins for Editor in 0.00 ms.
[Package Manager] Server::EnsureServerProcessIsRunning -- launch failed, reason: Unity was launched with the -noUpm command-line argument
[Package Manager] Cannot connect to Unity Package Manager local server
Mono: successfully reloaded assembly
- Completed reload, in  4.504 seconds
Domain Reload Profiling:
	ReloadAssembly (4506ms)
		BeginReloadAssembly (544ms)
			ExecutionOrderSort (0ms)
			DisableScriptedObjects (14ms)
			BackupInstance (0ms)
			ReleaseScriptingObjects (0ms)
			CreateAndSetChildDomain (91ms)
		EndReloadAssembly (3570ms)
			LoadAssemblies (491ms)
			RebuildTransferFunctionScriptingTraits (0ms)
			SetupTypeCache (1237ms)
			ReleaseScriptCaches (4ms)
			RebuildScriptCaches (147ms)
			SetupLoadedEditorAssemblies (1705ms)
				LogAssemblyErrors (0ms)
				InitializePlatformSupportModulesInManaged (19ms)
				SetLoadedEditorAssemblies (1ms)
				RefreshPlugins (1ms)
				BeforeProcessingInitializeOnLoad (200ms)
				ProcessInitializeOnLoadAttributes (1381ms)
				ProcessInitializeOnLoadMethodAttributes (63ms)
				AfterProcessingInitializeOnLoad (37ms)
				EditorAssembliesLoaded (1ms)
			ExecutionOrderSort2 (0ms)
			AwakeInstancesAfterBackupRestoration (36ms)
Platform modules already initialized, skipping
Refreshing native plugins compatible for Editor in 2.32 ms, found 3 plugins.
Preloading 0 native plugins for Editor in 0.00 ms.
Unloading 3076 Unused Serialized files (Serialized files now loaded: 0)
Unloading 19 unused Assets / (21.9 KB). Loaded Objects now: 3570.
Memory consumption went from 106.8 MB to 106.8 MB.
Total: 11.203300 ms (FindLiveObjects: 0.556500 ms CreateObjectMapping: 0.509000 ms MarkObjects: 10.011400 ms  DeleteObjects: 0.123600 ms)

AssetImportParameters requested are different than current active one (requested -> active):
  custom:video-decoder-ogg-theora: a1e56fd34408186e4bbccfd4996cb3dc -> 
  custom:container-muxer-webm: aa71ff27fc2769a1b78a27578f13a17b -> 
  custom:container-demuxer-webm: 4f35f7cbe854078d1ac9338744f61a02 -> 
  custom:video-encoder-webm-vp8: eb34c28f22e8b96e1ab97ce403110664 -> 
  custom:video-codec-MediaFoundation-h265: 746d11721c4dcdbdad8f713fa42b33f4 -> 
  custom:CustomObjectIndexerAttribute: bc11b3a6c3213fcdd17b65e7da85e133 -> 
  custom:audio-encoder-webm-vorbis: bf7c407c2cedff20999df2af8eb42d56 -> 
  custom:framework-win-MediaFoundation: 216162199b28c13a410421893ffa2e32 -> 
  custom:SearchIndexIgnoredProperties: e643bd26f0fe6173181afceb89e7c659 -> 
  custom:container-demuxer-ogg: 62fdf1f143b41e24485cea50d1cbac27 -> 
  custom:video-decoder-webm-vp8: 9c59270c3fd7afecdb556c50c9e8de78 -> 
  custom:audio-decoder-ogg-vorbis: bf7c407c2cedff20999df2af8eb42d56 -> 
========================================================================
Received Prepare
Registering precompiled user dll's ...
Registered in 0.022762 seconds.
Begin MonoManager ReloadAssembly
Native extension for WindowsStandalone target not found
Refreshing native plugins compatible for Editor in 0.76 ms, found 3 plugins.
Preloading 0 native plugins for Editor in 0.00 ms.
[Package Manager] Server::EnsureServerProcessIsRunning -- launch failed, reason: Unity was launched with the -noUpm command-line argument
[Package Manager] Cannot connect to Unity Package Manager local server
Mono: successfully reloaded assembly
- Completed reload, in  2.408 seconds
Domain Reload Profiling:
	ReloadAssembly (2410ms)
		BeginReloadAssembly (326ms)
			ExecutionOrderSort (0ms)
			DisableScriptedObjects (9ms)
			BackupInstance (0ms)
			ReleaseScriptingObjects (0ms)
			CreateAndSetChildDomain (66ms)
		EndReloadAssembly (1928ms)
			LoadAssemblies (249ms)
			RebuildTransferFunctionScriptingTraits (0ms)
			SetupTypeCache (387ms)
			ReleaseScriptCaches (2ms)
			RebuildScriptCaches (75ms)
			SetupLoadedEditorAssemblies (1231ms)
				LogAssemblyErrors (0ms)
				InitializePlatformSupportModulesInManaged (14ms)
				SetLoadedEditorAssemblies (1ms)
				RefreshPlugins (1ms)
				BeforeProcessingInitializeOnLoad (114ms)
				ProcessInitializeOnLoadAttributes (1047ms)
				ProcessInitializeOnLoadMethodAttributes (36ms)
				AfterProcessingInitializeOnLoad (19ms)
				EditorAssembliesLoaded (0ms)
			ExecutionOrderSort2 (0ms)
			AwakeInstancesAfterBackupRestoration (20ms)
Platform modules already initialized, skipping
Refreshing native plugins compatible for Editor in 0.57 ms, found 3 plugins.
Preloading 0 native plugins for Editor in 0.00 ms.
Unloading 3076 Unused Serialized files (Serialized files now loaded: 0)
Unloading 19 unused Assets / (21.9 KB). Loaded Objects now: 3573.
Memory consumption went from 106.8 MB to 106.8 MB.
Total: 6.332800 ms (FindLiveObjects: 0.422300 ms CreateObjectMapping: 0.223100 ms MarkObjects: 5.632500 ms  DeleteObjects: 0.052800 ms)

AssetImportParameters requested are different than current active one (requested -> active):
  custom:video-decoder-ogg-theora: a1e56fd34408186e4bbccfd4996cb3dc -> 
  custom:container-muxer-webm: aa71ff27fc2769a1b78a27578f13a17b -> 
  custom:container-demuxer-webm: 4f35f7cbe854078d1ac9338744f61a02 -> 
  custom:video-encoder-webm-vp8: eb34c28f22e8b96e1ab97ce403110664 -> 
  custom:video-codec-MediaFoundation-h265: 746d11721c4dcdbdad8f713fa42b33f4 -> 
  custom:CustomObjectIndexerAttribute: bc11b3a6c3213fcdd17b65e7da85e133 -> 
  custom:audio-encoder-webm-vorbis: bf7c407c2cedff20999df2af8eb42d56 -> 
  custom:framework-win-MediaFoundation: 216162199b28c13a410421893ffa2e32 -> 
  custom:SearchIndexIgnoredProperties: e643bd26f0fe6173181afceb89e7c659 -> 
  custom:container-demuxer-ogg: 62fdf1f143b41e24485cea50d1cbac27 -> 
  custom:video-decoder-webm-vp8: 9c59270c3fd7afecdb556c50c9e8de78 -> 
  custom:audio-decoder-ogg-vorbis: bf7c407c2cedff20999df2af8eb42d56 -> 
========================================================================
Received Prepare
Registering precompiled user dll's ...
Registered in 0.016463 seconds.
Begin MonoManager ReloadAssembly
Native extension for WindowsStandalone target not found
Refreshing native plugins compatible for Editor in 1.05 ms, found 3 plugins.
Preloading 0 native plugins for Editor in 0.00 ms.
[Package Manager] Server::EnsureServerProcessIsRunning -- launch failed, reason: Unity was launched with the -noUpm command-line argument
[Package Manager] Cannot connect to Unity Package Manager local server
Mono: successfully reloaded assembly
- Completed reload, in  3.894 seconds
Domain Reload Profiling:
	ReloadAssembly (3896ms)
		BeginReloadAssembly (345ms)
			ExecutionOrderSort (0ms)
			DisableScriptedObjects (8ms)
			BackupInstance (0ms)
			ReleaseScriptingObjects (0ms)
			CreateAndSetChildDomain (77ms)
		EndReloadAssembly (3240ms)
			LoadAssemblies (280ms)
			RebuildTransferFunctionScriptingTraits (0ms)
			SetupTypeCache (760ms)
			ReleaseScriptCaches (4ms)
			RebuildScriptCaches (151ms)
			SetupLoadedEditorAssemblies (1975ms)
				LogAssemblyErrors (0ms)
				InitializePlatformSupportModulesInManaged (15ms)
				SetLoadedEditorAssemblies (1ms)
				RefreshPlugins (1ms)
				BeforeProcessingInitializeOnLoad (149ms)
				ProcessInitializeOnLoadAttributes (1701ms)
				ProcessInitializeOnLoadMethodAttributes (74ms)
				AfterProcessingInitializeOnLoad (34ms)
				EditorAssembliesLoaded (0ms)
			ExecutionOrderSort2 (0ms)
			AwakeInstancesAfterBackupRestoration (23ms)
Platform modules already initialized, skipping
Refreshing native plugins compatible for Editor in 2.24 ms, found 3 plugins.
Preloading 0 native plugins for Editor in 0.00 ms.
Unloading 3076 Unused Serialized files (Serialized files now loaded: 0)
Unloading 19 unused Assets / (22.0 KB). Loaded Objects now: 3576.
Memory consumption went from 106.8 MB to 106.8 MB.
Total: 9.787000 ms (FindLiveObjects: 0.844700 ms CreateObjectMapping: 0.588900 ms MarkObjects: 8.293900 ms  DeleteObjects: 0.056900 ms)

AssetImportParameters requested are different than current active one (requested -> active):
  custom:video-decoder-ogg-theora: a1e56fd34408186e4bbccfd4996cb3dc -> 
  custom:container-muxer-webm: aa71ff27fc2769a1b78a27578f13a17b -> 
  custom:container-demuxer-webm: 4f35f7cbe854078d1ac9338744f61a02 -> 
  custom:video-encoder-webm-vp8: eb34c28f22e8b96e1ab97ce403110664 -> 
  custom:video-codec-MediaFoundation-h265: 746d11721c4dcdbdad8f713fa42b33f4 -> 
  custom:CustomObjectIndexerAttribute: bc11b3a6c3213fcdd17b65e7da85e133 -> 
  custom:audio-encoder-webm-vorbis: bf7c407c2cedff20999df2af8eb42d56 -> 
  custom:framework-win-MediaFoundation: 216162199b28c13a410421893ffa2e32 -> 
  custom:SearchIndexIgnoredProperties: e643bd26f0fe6173181afceb89e7c659 -> 
  custom:container-demuxer-ogg: 62fdf1f143b41e24485cea50d1cbac27 -> 
  custom:video-decoder-webm-vp8: 9c59270c3fd7afecdb556c50c9e8de78 -> 
  custom:audio-decoder-ogg-vorbis: bf7c407c2cedff20999df2af8eb42d56 -> 
========================================================================
Received Prepare
Registering precompiled user dll's ...
Registered in 0.016032 seconds.
Begin MonoManager ReloadAssembly
Native extension for WindowsStandalone target not found
Refreshing native plugins compatible for Editor in 1.66 ms, found 3 plugins.
Preloading 0 native plugins for Editor in 0.00 ms.
[Package Manager] Server::EnsureServerProcessIsRunning -- launch failed, reason: Unity was launched with the -noUpm command-line argument
[Package Manager] Cannot connect to Unity Package Manager local server
Mono: successfully reloaded assembly
- Completed reload, in  4.897 seconds
Domain Reload Profiling:
	ReloadAssembly (4899ms)
		BeginReloadAssembly (391ms)
			ExecutionOrderSort (0ms)
			DisableScriptedObjects (12ms)
			BackupInstance (0ms)
			ReleaseScriptingObjects (0ms)
			CreateAndSetChildDomain (82ms)
		EndReloadAssembly (4084ms)
			LoadAssemblies (359ms)
			RebuildTransferFunctionScriptingTraits (0ms)
			SetupTypeCache (940ms)
			ReleaseScriptCaches (4ms)
			RebuildScriptCaches (162ms)
			SetupLoadedEditorAssemblies (2437ms)
				LogAssemblyErrors (0ms)
				InitializePlatformSupportModulesInManaged (24ms)
				SetLoadedEditorAssemblies (2ms)
				RefreshPlugins (2ms)
				BeforeProcessingInitializeOnLoad (226ms)
				ProcessInitializeOnLoadAttributes (2064ms)
				ProcessInitializeOnLoadMethodAttributes (84ms)
				AfterProcessingInitializeOnLoad (33ms)
				EditorAssembliesLoaded (1ms)
			ExecutionOrderSort2 (0ms)
			AwakeInstancesAfterBackupRestoration (42ms)
Platform modules already initialized, skipping
Refreshing native plugins compatible for Editor in 2.26 ms, found 3 plugins.
Preloading 0 native plugins for Editor in 0.00 ms.
Unloading 3076 Unused Serialized files (Serialized files now loaded: 0)
Unloading 19 unused Assets / (22.0 KB). Loaded Objects now: 3579.
Memory consumption went from 106.8 MB to 106.8 MB.
Total: 12.639300 ms (FindLiveObjects: 0.954800 ms CreateObjectMapping: 0.468400 ms MarkObjects: 11.127100 ms  DeleteObjects: 0.085400 ms)

AssetImportParameters requested are different than current active one (requested -> active):
  custom:video-decoder-ogg-theora: a1e56fd34408186e4bbccfd4996cb3dc -> 
  custom:container-muxer-webm: aa71ff27fc2769a1b78a27578f13a17b -> 
  custom:container-demuxer-webm: 4f35f7cbe854078d1ac9338744f61a02 -> 
  custom:video-encoder-webm-vp8: eb34c28f22e8b96e1ab97ce403110664 -> 
  custom:video-codec-MediaFoundation-h265: 746d11721c4dcdbdad8f713fa42b33f4 -> 
  custom:CustomObjectIndexerAttribute: bc11b3a6c3213fcdd17b65e7da85e133 -> 
  custom:audio-encoder-webm-vorbis: bf7c407c2cedff20999df2af8eb42d56 -> 
  custom:framework-win-MediaFoundation: 216162199b28c13a410421893ffa2e32 -> 
  custom:SearchIndexIgnoredProperties: e643bd26f0fe6173181afceb89e7c659 -> 
  custom:container-demuxer-ogg: 62fdf1f143b41e24485cea50d1cbac27 -> 
  custom:video-decoder-webm-vp8: 9c59270c3fd7afecdb556c50c9e8de78 -> 
  custom:audio-decoder-ogg-vorbis: bf7c407c2cedff20999df2af8eb42d56 -> 
========================================================================
Received Prepare
Registering precompiled user dll's ...
Registered in 0.023351 seconds.
Begin MonoManager ReloadAssembly
Native extension for WindowsStandalone target not found
Refreshing native plugins compatible for Editor in 1.39 ms, found 3 plugins.
Preloading 0 native plugins for Editor in 0.00 ms.
[Package Manager] Server::EnsureServerProcessIsRunning -- launch failed, reason: Unity was launched with the -noUpm command-line argument
[Package Manager] Cannot connect to Unity Package Manager local server
Mono: successfully reloaded assembly
- Completed reload, in  4.338 seconds
Domain Reload Profiling:
	ReloadAssembly (4341ms)
		BeginReloadAssembly (373ms)
			ExecutionOrderSort (0ms)
			DisableScriptedObjects (18ms)
			BackupInstance (0ms)
			ReleaseScriptingObjects (0ms)
			CreateAndSetChildDomain (60ms)
		EndReloadAssembly (3601ms)
			LoadAssemblies (308ms)
			RebuildTransferFunctionScriptingTraits (0ms)
			SetupTypeCache (804ms)
			ReleaseScriptCaches (2ms)
			RebuildScriptCaches (159ms)
			SetupLoadedEditorAssemblies (2258ms)
				LogAssemblyErrors (0ms)
				InitializePlatformSupportModulesInManaged (18ms)
				SetLoadedEditorAssemblies (1ms)
				RefreshPlugins (2ms)
				BeforeProcessingInitializeOnLoad (188ms)
				ProcessInitializeOnLoadAttributes (1962ms)
				ProcessInitializeOnLoadMethodAttributes (66ms)
				AfterProcessingInitializeOnLoad (21ms)
				EditorAssembliesLoaded (0ms)
			ExecutionOrderSort2 (0ms)
			AwakeInstancesAfterBackupRestoration (31ms)
Platform modules already initialized, skipping
Refreshing native plugins compatible for Editor in 2.12 ms, found 3 plugins.
Preloading 0 native plugins for Editor in 0.00 ms.
Unloading 3076 Unused Serialized files (Serialized files now loaded: 0)
Unloading 19 unused Assets / (21.9 KB). Loaded Objects now: 3582.
Memory consumption went from 106.8 MB to 106.8 MB.
Total: 10.512800 ms (FindLiveObjects: 0.590300 ms CreateObjectMapping: 0.327500 ms MarkObjects: 9.502800 ms  DeleteObjects: 0.090000 ms)

AssetImportParameters requested are different than current active one (requested -> active):
  custom:video-decoder-ogg-theora: a1e56fd34408186e4bbccfd4996cb3dc -> 
  custom:container-muxer-webm: aa71ff27fc2769a1b78a27578f13a17b -> 
  custom:container-demuxer-webm: 4f35f7cbe854078d1ac9338744f61a02 -> 
  custom:video-encoder-webm-vp8: eb34c28f22e8b96e1ab97ce403110664 -> 
  custom:video-codec-MediaFoundation-h265: 746d11721c4dcdbdad8f713fa42b33f4 -> 
  custom:CustomObjectIndexerAttribute: bc11b3a6c3213fcdd17b65e7da85e133 -> 
  custom:audio-encoder-webm-vorbis: bf7c407c2cedff20999df2af8eb42d56 -> 
  custom:framework-win-MediaFoundation: 216162199b28c13a410421893ffa2e32 -> 
  custom:SearchIndexIgnoredProperties: e643bd26f0fe6173181afceb89e7c659 -> 
  custom:container-demuxer-ogg: 62fdf1f143b41e24485cea50d1cbac27 -> 
  custom:video-decoder-webm-vp8: 9c59270c3fd7afecdb556c50c9e8de78 -> 
  custom:audio-decoder-ogg-vorbis: bf7c407c2cedff20999df2af8eb42d56 -> 
========================================================================
Received Prepare
Registering precompiled user dll's ...
Registered in 0.018878 seconds.
Begin MonoManager ReloadAssembly
Native extension for WindowsStandalone target not found
Refreshing native plugins compatible for Editor in 0.59 ms, found 3 plugins.
Preloading 0 native plugins for Editor in 0.00 ms.
[Package Manager] Server::EnsureServerProcessIsRunning -- launch failed, reason: Unity was launched with the -noUpm command-line argument
[Package Manager] Cannot connect to Unity Package Manager local server
Mono: successfully reloaded assembly
- Completed reload, in  2.449 seconds
Domain Reload Profiling:
	ReloadAssembly (2450ms)
		BeginReloadAssembly (300ms)
			ExecutionOrderSort (0ms)
			DisableScriptedObjects (8ms)
			BackupInstance (0ms)
			ReleaseScriptingObjects (0ms)
			CreateAndSetChildDomain (75ms)
		EndReloadAssembly (1956ms)
			LoadAssemblies (204ms)
			RebuildTransferFunctionScriptingTraits (0ms)
			SetupTypeCache (497ms)
			ReleaseScriptCaches (2ms)
			RebuildScriptCaches (79ms)
			SetupLoadedEditorAssemblies (1188ms)
				LogAssemblyErrors (0ms)
				InitializePlatformSupportModulesInManaged (8ms)
				SetLoadedEditorAssemblies (1ms)
				RefreshPlugins (1ms)
				BeforeProcessingInitializeOnLoad (76ms)
				ProcessInitializeOnLoadAttributes (1061ms)
				ProcessInitializeOnLoadMethodAttributes (29ms)
				AfterProcessingInitializeOnLoad (13ms)
				EditorAssembliesLoaded (0ms)
			ExecutionOrderSort2 (0ms)
			AwakeInstancesAfterBackupRestoration (18ms)
Platform modules already initialized, skipping
Refreshing native plugins compatible for Editor in 0.72 ms, found 3 plugins.
Preloading 0 native plugins for Editor in 0.00 ms.
Unloading 3076 Unused Serialized files (Serialized files now loaded: 0)
Unloading 19 unused Assets / (22.0 KB). Loaded Objects now: 3585.
Memory consumption went from 106.9 MB to 106.8 MB.
Total: 6.014500 ms (FindLiveObjects: 0.484500 ms CreateObjectMapping: 0.138800 ms MarkObjects: 5.331000 ms  DeleteObjects: 0.058500 ms)

AssetImportParameters requested are different than current active one (requested -> active):
  custom:video-decoder-ogg-theora: a1e56fd34408186e4bbccfd4996cb3dc -> 
  custom:container-muxer-webm: aa71ff27fc2769a1b78a27578f13a17b -> 
  custom:container-demuxer-webm: 4f35f7cbe854078d1ac9338744f61a02 -> 
  custom:video-encoder-webm-vp8: eb34c28f22e8b96e1ab97ce403110664 -> 
  custom:video-codec-MediaFoundation-h265: 746d11721c4dcdbdad8f713fa42b33f4 -> 
  custom:CustomObjectIndexerAttribute: bc11b3a6c3213fcdd17b65e7da85e133 -> 
  custom:audio-encoder-webm-vorbis: bf7c407c2cedff20999df2af8eb42d56 -> 
  custom:framework-win-MediaFoundation: 216162199b28c13a410421893ffa2e32 -> 
  custom:SearchIndexIgnoredProperties: e643bd26f0fe6173181afceb89e7c659 -> 
  custom:container-demuxer-ogg: 62fdf1f143b41e24485cea50d1cbac27 -> 
  custom:video-decoder-webm-vp8: 9c59270c3fd7afecdb556c50c9e8de78 -> 
  custom:audio-decoder-ogg-vorbis: bf7c407c2cedff20999df2af8eb42d56 -> 
========================================================================
Received Prepare
Registering precompiled user dll's ...
Registered in 0.024151 seconds.
Begin MonoManager ReloadAssembly
Native extension for WindowsStandalone target not found
Refreshing native plugins compatible for Editor in 1.61 ms, found 3 plugins.
Preloading 0 native plugins for Editor in 0.00 ms.
[Package Manager] Server::EnsureServerProcessIsRunning -- launch failed, reason: Unity was launched with the -noUpm command-line argument
[Package Manager] Cannot connect to Unity Package Manager local server
Mono: successfully reloaded assembly
- Completed reload, in  4.060 seconds
Domain Reload Profiling:
	ReloadAssembly (4062ms)
		BeginReloadAssembly (327ms)
			ExecutionOrderSort (0ms)
			DisableScriptedObjects (9ms)
			BackupInstance (0ms)
			ReleaseScriptingObjects (0ms)
			CreateAndSetChildDomain (61ms)
		EndReloadAssembly (3529ms)
			LoadAssemblies (303ms)
			RebuildTransferFunctionScriptingTraits (0ms)
			SetupTypeCache (848ms)
			ReleaseScriptCaches (4ms)
			RebuildScriptCaches (135ms)
			SetupLoadedEditorAssemblies (2108ms)
				LogAssemblyErrors (0ms)
				InitializePlatformSupportModulesInManaged (23ms)
				SetLoadedEditorAssemblies (2ms)
				RefreshPlugins (2ms)
				BeforeProcessingInitializeOnLoad (196ms)
				ProcessInitializeOnLoadAttributes (1779ms)
				ProcessInitializeOnLoadMethodAttributes (76ms)
				AfterProcessingInitializeOnLoad (30ms)
				EditorAssembliesLoaded (0ms)
			ExecutionOrderSort2 (0ms)
			AwakeInstancesAfterBackupRestoration (26ms)
Platform modules already initialized, skipping
Refreshing native plugins compatible for Editor in 2.36 ms, found 3 plugins.
Preloading 0 native plugins for Editor in 0.00 ms.
Unloading 3076 Unused Serialized files (Serialized files now loaded: 0)
Unloading 19 unused Assets / (21.9 KB). Loaded Objects now: 3588.
Memory consumption went from 106.9 MB to 106.8 MB.
Total: 11.912600 ms (FindLiveObjects: 0.650200 ms CreateObjectMapping: 0.669100 ms MarkObjects: 10.500400 ms  DeleteObjects: 0.089600 ms)

AssetImportParameters requested are different than current active one (requested -> active):
  custom:video-decoder-ogg-theora: a1e56fd34408186e4bbccfd4996cb3dc -> 
  custom:container-muxer-webm: aa71ff27fc2769a1b78a27578f13a17b -> 
  custom:container-demuxer-webm: 4f35f7cbe854078d1ac9338744f61a02 -> 
  custom:video-encoder-webm-vp8: eb34c28f22e8b96e1ab97ce403110664 -> 
  custom:video-codec-MediaFoundation-h265: 746d11721c4dcdbdad8f713fa42b33f4 -> 
  custom:CustomObjectIndexerAttribute: bc11b3a6c3213fcdd17b65e7da85e133 -> 
  custom:audio-encoder-webm-vorbis: bf7c407c2cedff20999df2af8eb42d56 -> 
  custom:framework-win-MediaFoundation: 216162199b28c13a410421893ffa2e32 -> 
  custom:SearchIndexIgnoredProperties: e643bd26f0fe6173181afceb89e7c659 -> 
  custom:container-demuxer-ogg: 62fdf1f143b41e24485cea50d1cbac27 -> 
  custom:video-decoder-webm-vp8: 9c59270c3fd7afecdb556c50c9e8de78 -> 
  custom:audio-decoder-ogg-vorbis: bf7c407c2cedff20999df2af8eb42d56 -> 
========================================================================
Received Prepare
Registering precompiled user dll's ...
Registered in 0.021210 seconds.
Begin MonoManager ReloadAssembly
Native extension for WindowsStandalone target not found
Refreshing native plugins compatible for Editor in 2.64 ms, found 3 plugins.
Preloading 0 native plugins for Editor in 0.00 ms.
[Package Manager] Server::EnsureServerProcessIsRunning -- launch failed, reason: Unity was launched with the -noUpm command-line argument
[Package Manager] Cannot connect to Unity Package Manager local server
Mono: successfully reloaded assembly
- Completed reload, in  4.453 seconds
Domain Reload Profiling:
	ReloadAssembly (4455ms)
		BeginReloadAssembly (331ms)
			ExecutionOrderSort (0ms)
			DisableScriptedObjects (11ms)
			BackupInstance (0ms)
			ReleaseScriptingObjects (0ms)
			CreateAndSetChildDomain (62ms)
		EndReloadAssembly (3860ms)
			LoadAssemblies (303ms)
			RebuildTransferFunctionScriptingTraits (0ms)
			SetupTypeCache (903ms)
			ReleaseScriptCaches (4ms)
			RebuildScriptCaches (175ms)
			SetupLoadedEditorAssemblies (2331ms)
				LogAssemblyErrors (0ms)
				InitializePlatformSupportModulesInManaged (17ms)
				SetLoadedEditorAssemblies (1ms)
				RefreshPlugins (3ms)
				BeforeProcessingInitializeOnLoad (188ms)
				ProcessInitializeOnLoadAttributes (2021ms)
				ProcessInitializeOnLoadMethodAttributes (69ms)
				AfterProcessingInitializeOnLoad (31ms)
				EditorAssembliesLoaded (0ms)
			ExecutionOrderSort2 (0ms)
			AwakeInstancesAfterBackupRestoration (30ms)
Platform modules already initialized, skipping
Refreshing native plugins compatible for Editor in 1.95 ms, found 3 plugins.
Preloading 0 native plugins for Editor in 0.00 ms.
Unloading 3076 Unused Serialized files (Serialized files now loaded: 0)
Unloading 19 unused Assets / (22.0 KB). Loaded Objects now: 3591.
Memory consumption went from 106.9 MB to 106.8 MB.
Total: 13.746200 ms (FindLiveObjects: 0.798100 ms CreateObjectMapping: 0.524200 ms MarkObjects: 12.341400 ms  DeleteObjects: 0.077900 ms)

AssetImportParameters requested are different than current active one (requested -> active):
  custom:video-decoder-ogg-theora: a1e56fd34408186e4bbccfd4996cb3dc -> 
  custom:container-muxer-webm: aa71ff27fc2769a1b78a27578f13a17b -> 
  custom:container-demuxer-webm: 4f35f7cbe854078d1ac9338744f61a02 -> 
  custom:video-encoder-webm-vp8: eb34c28f22e8b96e1ab97ce403110664 -> 
  custom:video-codec-MediaFoundation-h265: 746d11721c4dcdbdad8f713fa42b33f4 -> 
  custom:CustomObjectIndexerAttribute: bc11b3a6c3213fcdd17b65e7da85e133 -> 
  custom:audio-encoder-webm-vorbis: bf7c407c2cedff20999df2af8eb42d56 -> 
  custom:framework-win-MediaFoundation: 216162199b28c13a410421893ffa2e32 -> 
  custom:SearchIndexIgnoredProperties: e643bd26f0fe6173181afceb89e7c659 -> 
  custom:container-demuxer-ogg: 62fdf1f143b41e24485cea50d1cbac27 -> 
  custom:video-decoder-webm-vp8: 9c59270c3fd7afecdb556c50c9e8de78 -> 
  custom:audio-decoder-ogg-vorbis: bf7c407c2cedff20999df2af8eb42d56 -> 
========================================================================
Received Prepare
Registering precompiled user dll's ...
Registered in 0.021097 seconds.
Begin MonoManager ReloadAssembly
Native extension for WindowsStandalone target not found
Refreshing native plugins compatible for Editor in 0.61 ms, found 3 plugins.
Preloading 0 native plugins for Editor in 0.00 ms.
[Package Manager] Server::EnsureServerProcessIsRunning -- launch failed, reason: Unity was launched with the -noUpm command-line argument
[Package Manager] Cannot connect to Unity Package Manager local server
Mono: successfully reloaded assembly
- Completed reload, in  3.215 seconds
Domain Reload Profiling:
	ReloadAssembly (3216ms)
		BeginReloadAssembly (362ms)
			ExecutionOrderSort (0ms)
			DisableScriptedObjects (24ms)
			BackupInstance (0ms)
			ReleaseScriptingObjects (0ms)
			CreateAndSetChildDomain (71ms)
		EndReloadAssembly (2509ms)
			LoadAssemblies (232ms)
			RebuildTransferFunctionScriptingTraits (0ms)
			SetupTypeCache (562ms)
			ReleaseScriptCaches (2ms)
			RebuildScriptCaches (97ms)
			SetupLoadedEditorAssemblies (1628ms)
				LogAssemblyErrors (0ms)
				InitializePlatformSupportModulesInManaged (8ms)
				SetLoadedEditorAssemblies (1ms)
				RefreshPlugins (1ms)
				BeforeProcessingInitializeOnLoad (219ms)
				ProcessInitializeOnLoadAttributes (1360ms)
				ProcessInitializeOnLoadMethodAttributes (26ms)
				AfterProcessingInitializeOnLoad (14ms)
				EditorAssembliesLoaded (0ms)
			ExecutionOrderSort2 (0ms)
			AwakeInstancesAfterBackupRestoration (20ms)
Platform modules already initialized, skipping
Refreshing native plugins compatible for Editor in 1.27 ms, found 3 plugins.
Preloading 0 native plugins for Editor in 0.00 ms.
Unloading 3076 Unused Serialized files (Serialized files now loaded: 0)
Unloading 19 unused Assets / (21.9 KB). Loaded Objects now: 3594.
Memory consumption went from 106.9 MB to 106.9 MB.
Total: 4.795400 ms (FindLiveObjects: 0.368600 ms CreateObjectMapping: 0.185900 ms MarkObjects: 4.192300 ms  DeleteObjects: 0.047400 ms)

AssetImportParameters requested are different than current active one (requested -> active):
  custom:video-decoder-ogg-theora: a1e56fd34408186e4bbccfd4996cb3dc -> 
  custom:container-muxer-webm: aa71ff27fc2769a1b78a27578f13a17b -> 
  custom:container-demuxer-webm: 4f35f7cbe854078d1ac9338744f61a02 -> 
  custom:video-encoder-webm-vp8: eb34c28f22e8b96e1ab97ce403110664 -> 
  custom:video-codec-MediaFoundation-h265: 746d11721c4dcdbdad8f713fa42b33f4 -> 
  custom:CustomObjectIndexerAttribute: bc11b3a6c3213fcdd17b65e7da85e133 -> 
  custom:audio-encoder-webm-vorbis: bf7c407c2cedff20999df2af8eb42d56 -> 
  custom:framework-win-MediaFoundation: 216162199b28c13a410421893ffa2e32 -> 
  custom:SearchIndexIgnoredProperties: e643bd26f0fe6173181afceb89e7c659 -> 
  custom:container-demuxer-ogg: 62fdf1f143b41e24485cea50d1cbac27 -> 
  custom:video-decoder-webm-vp8: 9c59270c3fd7afecdb556c50c9e8de78 -> 
  custom:audio-decoder-ogg-vorbis: bf7c407c2cedff20999df2af8eb42d56 -> 
========================================================================
Received Prepare
Registering precompiled user dll's ...
Registered in 0.025656 seconds.
Begin MonoManager ReloadAssembly
Native extension for WindowsStandalone target not found
Refreshing native plugins compatible for Editor in 2.22 ms, found 3 plugins.
Preloading 0 native plugins for Editor in 0.00 ms.
[Package Manager] Server::EnsureServerProcessIsRunning -- launch failed, reason: Unity was launched with the -noUpm command-line argument
[Package Manager] Cannot connect to Unity Package Manager local server
Mono: successfully reloaded assembly
- Completed reload, in  4.226 seconds
Domain Reload Profiling:
	ReloadAssembly (4228ms)
		BeginReloadAssembly (347ms)
			ExecutionOrderSort (0ms)
			DisableScriptedObjects (10ms)
			BackupInstance (0ms)
			ReleaseScriptingObjects (0ms)
			CreateAndSetChildDomain (54ms)
		EndReloadAssembly (3624ms)
			LoadAssemblies (329ms)
			RebuildTransferFunctionScriptingTraits (0ms)
			SetupTypeCache (865ms)
			ReleaseScriptCaches (3ms)
			RebuildScriptCaches (149ms)
			SetupLoadedEditorAssemblies (2173ms)
				LogAssemblyErrors (0ms)
				InitializePlatformSupportModulesInManaged (22ms)
				SetLoadedEditorAssemblies (2ms)
				RefreshPlugins (3ms)
				BeforeProcessingInitializeOnLoad (165ms)
				ProcessInitializeOnLoadAttributes (1871ms)
				ProcessInitializeOnLoadMethodAttributes (72ms)
				AfterProcessingInitializeOnLoad (37ms)
				EditorAssembliesLoaded (1ms)
			ExecutionOrderSort2 (0ms)
			AwakeInstancesAfterBackupRestoration (34ms)
Platform modules already initialized, skipping
Refreshing native plugins compatible for Editor in 1.95 ms, found 3 plugins.
Preloading 0 native plugins for Editor in 0.00 ms.
Unloading 3076 Unused Serialized files (Serialized files now loaded: 0)
Unloading 19 unused Assets / (21.9 KB). Loaded Objects now: 3597.
Memory consumption went from 106.9 MB to 106.9 MB.
Total: 8.583400 ms (FindLiveObjects: 0.800800 ms CreateObjectMapping: 0.834600 ms MarkObjects: 6.858500 ms  DeleteObjects: 0.085700 ms)

AssetImportParameters requested are different than current active one (requested -> active):
  custom:video-decoder-ogg-theora: a1e56fd34408186e4bbccfd4996cb3dc -> 
  custom:container-muxer-webm: aa71ff27fc2769a1b78a27578f13a17b -> 
  custom:container-demuxer-webm: 4f35f7cbe854078d1ac9338744f61a02 -> 
  custom:video-encoder-webm-vp8: eb34c28f22e8b96e1ab97ce403110664 -> 
  custom:video-codec-MediaFoundation-h265: 746d11721c4dcdbdad8f713fa42b33f4 -> 
  custom:CustomObjectIndexerAttribute: bc11b3a6c3213fcdd17b65e7da85e133 -> 
  custom:audio-encoder-webm-vorbis: bf7c407c2cedff20999df2af8eb42d56 -> 
  custom:framework-win-MediaFoundation: 216162199b28c13a410421893ffa2e32 -> 
  custom:SearchIndexIgnoredProperties: e643bd26f0fe6173181afceb89e7c659 -> 
  custom:container-demuxer-ogg: 62fdf1f143b41e24485cea50d1cbac27 -> 
  custom:video-decoder-webm-vp8: 9c59270c3fd7afecdb556c50c9e8de78 -> 
  custom:audio-decoder-ogg-vorbis: bf7c407c2cedff20999df2af8eb42d56 -> 
========================================================================
Received Prepare
Registering precompiled user dll's ...
Registered in 0.036698 seconds.
Begin MonoManager ReloadAssembly
Native extension for WindowsStandalone target not found
Refreshing native plugins compatible for Editor in 2.88 ms, found 3 plugins.
Preloading 0 native plugins for Editor in 0.00 ms.
[Package Manager] Server::EnsureServerProcessIsRunning -- launch failed, reason: Unity was launched with the -noUpm command-line argument
[Package Manager] Cannot connect to Unity Package Manager local server
Mono: successfully reloaded assembly
- Completed reload, in  5.562 seconds
Domain Reload Profiling:
	ReloadAssembly (5565ms)
		BeginReloadAssembly (912ms)
			ExecutionOrderSort (0ms)
			DisableScriptedObjects (71ms)
			BackupInstance (0ms)
			ReleaseScriptingObjects (1ms)
			CreateAndSetChildDomain (179ms)
		EndReloadAssembly (4230ms)
			LoadAssemblies (484ms)
			RebuildTransferFunctionScriptingTraits (0ms)
			SetupTypeCache (928ms)
			ReleaseScriptCaches (5ms)
			RebuildScriptCaches (233ms)
			SetupLoadedEditorAssemblies (2534ms)
				LogAssemblyErrors (0ms)
				InitializePlatformSupportModulesInManaged (24ms)
				SetLoadedEditorAssemblies (2ms)
				RefreshPlugins (3ms)
				BeforeProcessingInitializeOnLoad (227ms)
				ProcessInitializeOnLoadAttributes (2159ms)
				ProcessInitializeOnLoadMethodAttributes (81ms)
				AfterProcessingInitializeOnLoad (36ms)
				EditorAssembliesLoaded (0ms)
			ExecutionOrderSort2 (0ms)
			AwakeInstancesAfterBackupRestoration (39ms)
Platform modules already initialized, skipping
Refreshing native plugins compatible for Editor in 1.26 ms, found 3 plugins.
Preloading 0 native plugins for Editor in 0.00 ms.
Unloading 3076 Unused Serialized files (Serialized files now loaded: 0)
Unloading 19 unused Assets / (21.9 KB). Loaded Objects now: 3600.
Memory consumption went from 106.9 MB to 106.9 MB.
Total: 6.641100 ms (FindLiveObjects: 0.419100 ms CreateObjectMapping: 0.315100 ms MarkObjects: 5.829600 ms  DeleteObjects: 0.075200 ms)

AssetImportParameters requested are different than current active one (requested -> active):
  custom:video-decoder-ogg-theora: a1e56fd34408186e4bbccfd4996cb3dc -> 
  custom:container-muxer-webm: aa71ff27fc2769a1b78a27578f13a17b -> 
  custom:container-demuxer-webm: 4f35f7cbe854078d1ac9338744f61a02 -> 
  custom:video-encoder-webm-vp8: eb34c28f22e8b96e1ab97ce403110664 -> 
  custom:video-codec-MediaFoundation-h265: 746d11721c4dcdbdad8f713fa42b33f4 -> 
  custom:CustomObjectIndexerAttribute: bc11b3a6c3213fcdd17b65e7da85e133 -> 
  custom:audio-encoder-webm-vorbis: bf7c407c2cedff20999df2af8eb42d56 -> 
  custom:framework-win-MediaFoundation: 216162199b28c13a410421893ffa2e32 -> 
  custom:SearchIndexIgnoredProperties: e643bd26f0fe6173181afceb89e7c659 -> 
  custom:container-demuxer-ogg: 62fdf1f143b41e24485cea50d1cbac27 -> 
  custom:video-decoder-webm-vp8: 9c59270c3fd7afecdb556c50c9e8de78 -> 
  custom:audio-decoder-ogg-vorbis: bf7c407c2cedff20999df2af8eb42d56 -> 
========================================================================
Received Prepare
Registering precompiled user dll's ...
Registered in 0.014232 seconds.
Begin MonoManager ReloadAssembly
Native extension for WindowsStandalone target not found
Refreshing native plugins compatible for Editor in 0.66 ms, found 3 plugins.
Preloading 0 native plugins for Editor in 0.00 ms.
[Package Manager] Server::EnsureServerProcessIsRunning -- launch failed, reason: Unity was launched with the -noUpm command-line argument
[Package Manager] Cannot connect to Unity Package Manager local server
Mono: successfully reloaded assembly
- Completed reload, in  2.275 seconds
Domain Reload Profiling:
	ReloadAssembly (2277ms)
		BeginReloadAssembly (291ms)
			ExecutionOrderSort (0ms)
			DisableScriptedObjects (19ms)
			BackupInstance (0ms)
			ReleaseScriptingObjects (0ms)
			CreateAndSetChildDomain (71ms)
		EndReloadAssembly (1852ms)
			LoadAssemblies (185ms)
			RebuildTransferFunctionScriptingTraits (0ms)
			SetupTypeCache (375ms)
			ReleaseScriptCaches (2ms)
			RebuildScriptCaches (98ms)
			SetupLoadedEditorAssemblies (1123ms)
				LogAssemblyErrors (0ms)
				InitializePlatformSupportModulesInManaged (9ms)
				SetLoadedEditorAssemblies (1ms)
				RefreshPlugins (1ms)
				BeforeProcessingInitializeOnLoad (83ms)
				ProcessInitializeOnLoadAttributes (992ms)
				ProcessInitializeOnLoadMethodAttributes (25ms)
				AfterProcessingInitializeOnLoad (12ms)
				EditorAssembliesLoaded (0ms)
			ExecutionOrderSort2 (0ms)
			AwakeInstancesAfterBackupRestoration (12ms)
Platform modules already initialized, skipping
Refreshing native plugins compatible for Editor in 0.71 ms, found 3 plugins.
Preloading 0 native plugins for Editor in 0.00 ms.
Unloading 3076 Unused Serialized files (Serialized files now loaded: 0)
Unloading 19 unused Assets / (21.9 KB). Loaded Objects now: 3603.
Memory consumption went from 106.9 MB to 106.9 MB.
Total: 5.564000 ms (FindLiveObjects: 0.380700 ms CreateObjectMapping: 0.192600 ms MarkObjects: 4.947000 ms  DeleteObjects: 0.041900 ms)

AssetImportParameters requested are different than current active one (requested -> active):
  custom:video-decoder-ogg-theora: a1e56fd34408186e4bbccfd4996cb3dc -> 
  custom:container-muxer-webm: aa71ff27fc2769a1b78a27578f13a17b -> 
  custom:container-demuxer-webm: 4f35f7cbe854078d1ac9338744f61a02 -> 
  custom:video-encoder-webm-vp8: eb34c28f22e8b96e1ab97ce403110664 -> 
  custom:video-codec-MediaFoundation-h265: 746d11721c4dcdbdad8f713fa42b33f4 -> 
  custom:CustomObjectIndexerAttribute: bc11b3a6c3213fcdd17b65e7da85e133 -> 
  custom:audio-encoder-webm-vorbis: bf7c407c2cedff20999df2af8eb42d56 -> 
  custom:framework-win-MediaFoundation: 216162199b28c13a410421893ffa2e32 -> 
  custom:SearchIndexIgnoredProperties: e643bd26f0fe6173181afceb89e7c659 -> 
  custom:container-demuxer-ogg: 62fdf1f143b41e24485cea50d1cbac27 -> 
  custom:video-decoder-webm-vp8: 9c59270c3fd7afecdb556c50c9e8de78 -> 
  custom:audio-decoder-ogg-vorbis: bf7c407c2cedff20999df2af8eb42d56 -> 
========================================================================
Received Prepare
Registering precompiled user dll's ...
Registered in 0.026254 seconds.
Begin MonoManager ReloadAssembly
Native extension for WindowsStandalone target not found
Refreshing native plugins compatible for Editor in 1.62 ms, found 3 plugins.
Preloading 0 native plugins for Editor in 0.00 ms.
[Package Manager] Server::EnsureServerProcessIsRunning -- launch failed, reason: Unity was launched with the -noUpm command-line argument
[Package Manager] Cannot connect to Unity Package Manager local server
Mono: successfully reloaded assembly
- Completed reload, in  5.616 seconds
Domain Reload Profiling:
	ReloadAssembly (5618ms)
		BeginReloadAssembly (574ms)
			ExecutionOrderSort (0ms)
			DisableScriptedObjects (14ms)
			BackupInstance (0ms)
			ReleaseScriptingObjects (0ms)
			CreateAndSetChildDomain (86ms)
		EndReloadAssembly (4155ms)
			LoadAssemblies (844ms)
			RebuildTransferFunctionScriptingTraits (0ms)
			SetupTypeCache (981ms)
			ReleaseScriptCaches (3ms)
			RebuildScriptCaches (124ms)
			SetupLoadedEditorAssemblies (2272ms)
				LogAssemblyErrors (0ms)
				InitializePlatformSupportModulesInManaged (20ms)
				SetLoadedEditorAssemblies (2ms)
				RefreshPlugins (2ms)
				BeforeProcessingInitializeOnLoad (227ms)
				ProcessInitializeOnLoadAttributes (1890ms)
				ProcessInitializeOnLoadMethodAttributes (91ms)
				AfterProcessingInitializeOnLoad (40ms)
				EditorAssembliesLoaded (1ms)
			ExecutionOrderSort2 (0ms)
			AwakeInstancesAfterBackupRestoration (43ms)
Platform modules already initialized, skipping
Refreshing native plugins compatible for Editor in 1.24 ms, found 3 plugins.
Preloading 0 native plugins for Editor in 0.00 ms.
Unloading 3076 Unused Serialized files (Serialized files now loaded: 0)
Unloading 19 unused Assets / (22.0 KB). Loaded Objects now: 3606.
Memory consumption went from 106.9 MB to 106.9 MB.
Total: 12.499100 ms (FindLiveObjects: 0.638800 ms CreateObjectMapping: 0.552100 ms MarkObjects: 11.176600 ms  DeleteObjects: 0.127500 ms)

AssetImportParameters requested are different than current active one (requested -> active):
  custom:video-decoder-ogg-theora: a1e56fd34408186e4bbccfd4996cb3dc -> 
  custom:container-muxer-webm: aa71ff27fc2769a1b78a27578f13a17b -> 
  custom:container-demuxer-webm: 4f35f7cbe854078d1ac9338744f61a02 -> 
  custom:video-encoder-webm-vp8: eb34c28f22e8b96e1ab97ce403110664 -> 
  custom:video-codec-MediaFoundation-h265: 746d11721c4dcdbdad8f713fa42b33f4 -> 
  custom:CustomObjectIndexerAttribute: bc11b3a6c3213fcdd17b65e7da85e133 -> 
  custom:audio-encoder-webm-vorbis: bf7c407c2cedff20999df2af8eb42d56 -> 
  custom:framework-win-MediaFoundation: 216162199b28c13a410421893ffa2e32 -> 
  custom:SearchIndexIgnoredProperties: e643bd26f0fe6173181afceb89e7c659 -> 
  custom:container-demuxer-ogg: 62fdf1f143b41e24485cea50d1cbac27 -> 
  custom:video-decoder-webm-vp8: 9c59270c3fd7afecdb556c50c9e8de78 -> 
  custom:audio-decoder-ogg-vorbis: bf7c407c2cedff20999df2af8eb42d56 -> 
========================================================================
Received Prepare
Registering precompiled user dll's ...
Registered in 0.013574 seconds.
Begin MonoManager ReloadAssembly
Native extension for WindowsStandalone target not found
Refreshing native plugins compatible for Editor in 0.89 ms, found 3 plugins.
Preloading 0 native plugins for Editor in 0.00 ms.
[Package Manager] Server::EnsureServerProcessIsRunning -- launch failed, reason: Unity was launched with the -noUpm command-line argument
[Package Manager] Cannot connect to Unity Package Manager local server
Mono: successfully reloaded assembly
- Completed reload, in  4.887 seconds
Domain Reload Profiling:
	ReloadAssembly (4890ms)
		BeginReloadAssembly (498ms)
			ExecutionOrderSort (0ms)
			DisableScriptedObjects (10ms)
			BackupInstance (0ms)
			ReleaseScriptingObjects (0ms)
			CreateAndSetChildDomain (62ms)
		EndReloadAssembly (3989ms)
			LoadAssemblies (476ms)
			RebuildTransferFunctionScriptingTraits (0ms)
			SetupTypeCache (1022ms)
			ReleaseScriptCaches (4ms)
			RebuildScriptCaches (155ms)
			SetupLoadedEditorAssemblies (2319ms)
				LogAssemblyErrors (0ms)
				InitializePlatformSupportModulesInManaged (23ms)
				SetLoadedEditorAssemblies (1ms)
				RefreshPlugins (1ms)
				BeforeProcessingInitializeOnLoad (228ms)
				ProcessInitializeOnLoadAttributes (1948ms)
				ProcessInitializeOnLoadMethodAttributes (84ms)
				AfterProcessingInitializeOnLoad (33ms)
				EditorAssembliesLoaded (1ms)
			ExecutionOrderSort2 (0ms)
			AwakeInstancesAfterBackupRestoration (35ms)
Platform modules already initialized, skipping
Refreshing native plugins compatible for Editor in 2.37 ms, found 3 plugins.
Preloading 0 native plugins for Editor in 0.00 ms.
Unloading 3076 Unused Serialized files (Serialized files now loaded: 0)
Unloading 19 unused Assets / (21.9 KB). Loaded Objects now: 3609.
Memory consumption went from 106.9 MB to 106.9 MB.
Total: 10.048700 ms (FindLiveObjects: 0.620900 ms CreateObjectMapping: 0.269400 ms MarkObjects: 9.068400 ms  DeleteObjects: 0.086600 ms)

AssetImportParameters requested are different than current active one (requested -> active):
  custom:video-decoder-ogg-theora: a1e56fd34408186e4bbccfd4996cb3dc -> 
  custom:container-muxer-webm: aa71ff27fc2769a1b78a27578f13a17b -> 
  custom:container-demuxer-webm: 4f35f7cbe854078d1ac9338744f61a02 -> 
  custom:video-encoder-webm-vp8: eb34c28f22e8b96e1ab97ce403110664 -> 
  custom:video-codec-MediaFoundation-h265: 746d11721c4dcdbdad8f713fa42b33f4 -> 
  custom:CustomObjectIndexerAttribute: bc11b3a6c3213fcdd17b65e7da85e133 -> 
  custom:audio-encoder-webm-vorbis: bf7c407c2cedff20999df2af8eb42d56 -> 
  custom:framework-win-MediaFoundation: 216162199b28c13a410421893ffa2e32 -> 
  custom:SearchIndexIgnoredProperties: e643bd26f0fe6173181afceb89e7c659 -> 
  custom:container-demuxer-ogg: 62fdf1f143b41e24485cea50d1cbac27 -> 
  custom:video-decoder-webm-vp8: 9c59270c3fd7afecdb556c50c9e8de78 -> 
  custom:audio-decoder-ogg-vorbis: bf7c407c2cedff20999df2af8eb42d56 -> 
========================================================================
Received Prepare
Registering precompiled user dll's ...
Registered in 0.034903 seconds.
Begin MonoManager ReloadAssembly
Native extension for WindowsStandalone target not found
Refreshing native plugins compatible for Editor in 2.39 ms, found 3 plugins.
Preloading 0 native plugins for Editor in 0.00 ms.
[Package Manager] Server::EnsureServerProcessIsRunning -- launch failed, reason: Unity was launched with the -noUpm command-line argument
[Package Manager] Cannot connect to Unity Package Manager local server
Mono: successfully reloaded assembly
- Completed reload, in  6.165 seconds
Domain Reload Profiling:
	ReloadAssembly (6170ms)
		BeginReloadAssembly (490ms)
			ExecutionOrderSort (0ms)
			DisableScriptedObjects (25ms)
			BackupInstance (0ms)
			ReleaseScriptingObjects (0ms)
			CreateAndSetChildDomain (90ms)
		EndReloadAssembly (5151ms)
			LoadAssemblies (516ms)
			RebuildTransferFunctionScriptingTraits (0ms)
			SetupTypeCache (1210ms)
			ReleaseScriptCaches (4ms)
			RebuildScriptCaches (195ms)
			SetupLoadedEditorAssemblies (3077ms)
				LogAssemblyErrors (0ms)
				InitializePlatformSupportModulesInManaged (46ms)
				SetLoadedEditorAssemblies (5ms)
				RefreshPlugins (3ms)
				BeforeProcessingInitializeOnLoad (315ms)
				ProcessInitializeOnLoadAttributes (2553ms)
				ProcessInitializeOnLoadMethodAttributes (108ms)
				AfterProcessingInitializeOnLoad (45ms)
				EditorAssembliesLoaded (1ms)
			ExecutionOrderSort2 (0ms)
			AwakeInstancesAfterBackupRestoration (47ms)
Platform modules already initialized, skipping
Refreshing native plugins compatible for Editor in 1.16 ms, found 3 plugins.
Preloading 0 native plugins for Editor in 0.00 ms.
Unloading 3076 Unused Serialized files (Serialized files now loaded: 0)
Unloading 19 unused Assets / (21.9 KB). Loaded Objects now: 3612.
Memory consumption went from 106.9 MB to 106.9 MB.
Total: 10.207800 ms (FindLiveObjects: 0.642100 ms CreateObjectMapping: 0.486400 ms MarkObjects: 8.964100 ms  DeleteObjects: 0.111000 ms)

AssetImportParameters requested are different than current active one (requested -> active):
  custom:video-decoder-ogg-theora: a1e56fd34408186e4bbccfd4996cb3dc -> 
  custom:container-muxer-webm: aa71ff27fc2769a1b78a27578f13a17b -> 
  custom:container-demuxer-webm: 4f35f7cbe854078d1ac9338744f61a02 -> 
  custom:video-encoder-webm-vp8: eb34c28f22e8b96e1ab97ce403110664 -> 
  custom:video-codec-MediaFoundation-h265: 746d11721c4dcdbdad8f713fa42b33f4 -> 
  custom:CustomObjectIndexerAttribute: bc11b3a6c3213fcdd17b65e7da85e133 -> 
  custom:audio-encoder-webm-vorbis: bf7c407c2cedff20999df2af8eb42d56 -> 
  custom:framework-win-MediaFoundation: 216162199b28c13a410421893ffa2e32 -> 
  custom:SearchIndexIgnoredProperties: e643bd26f0fe6173181afceb89e7c659 -> 
  custom:container-demuxer-ogg: 62fdf1f143b41e24485cea50d1cbac27 -> 
  custom:video-decoder-webm-vp8: 9c59270c3fd7afecdb556c50c9e8de78 -> 
  custom:audio-decoder-ogg-vorbis: bf7c407c2cedff20999df2af8eb42d56 -> 
========================================================================
Received Prepare
Registering precompiled user dll's ...
Registered in 0.017205 seconds.
Begin MonoManager ReloadAssembly
Native extension for WindowsStandalone target not found
Refreshing native plugins compatible for Editor in 1.19 ms, found 3 plugins.
Preloading 0 native plugins for Editor in 0.00 ms.
[Package Manager] Server::EnsureServerProcessIsRunning -- launch failed, reason: Unity was launched with the -noUpm command-line argument
[Package Manager] Cannot connect to Unity Package Manager local server
Mono: successfully reloaded assembly
- Completed reload, in  3.803 seconds
Domain Reload Profiling:
	ReloadAssembly (3805ms)
		BeginReloadAssembly (321ms)
			ExecutionOrderSort (0ms)
			DisableScriptedObjects (9ms)
			BackupInstance (0ms)
			ReleaseScriptingObjects (0ms)
			CreateAndSetChildDomain (58ms)
		EndReloadAssembly (3216ms)
			LoadAssemblies (301ms)
			RebuildTransferFunctionScriptingTraits (0ms)
			SetupTypeCache (885ms)
			ReleaseScriptCaches (5ms)
			RebuildScriptCaches (150ms)
			SetupLoadedEditorAssemblies (1842ms)
				LogAssemblyErrors (0ms)
				InitializePlatformSupportModulesInManaged (16ms)
				SetLoadedEditorAssemblies (3ms)
				RefreshPlugins (1ms)
				BeforeProcessingInitializeOnLoad (158ms)
				ProcessInitializeOnLoadAttributes (1593ms)
				ProcessInitializeOnLoadMethodAttributes (50ms)
				AfterProcessingInitializeOnLoad (21ms)
				EditorAssembliesLoaded (1ms)
			ExecutionOrderSort2 (0ms)
			AwakeInstancesAfterBackupRestoration (18ms)
Platform modules already initialized, skipping
Refreshing native plugins compatible for Editor in 2.61 ms, found 3 plugins.
Preloading 0 native plugins for Editor in 0.00 ms.
Unloading 3089 Unused Serialized files (Serialized files now loaded: 0)
Unloading 32 unused Assets / (0.7 MB). Loaded Objects now: 3615.
Memory consumption went from 109.2 MB to 108.5 MB.
Total: 12.441300 ms (FindLiveObjects: 0.632100 ms CreateObjectMapping: 0.195100 ms MarkObjects: 10.202400 ms  DeleteObjects: 1.407700 ms)

AssetImportParameters requested are different than current active one (requested -> active):
  custom:video-decoder-ogg-theora: a1e56fd34408186e4bbccfd4996cb3dc -> 
  custom:container-muxer-webm: aa71ff27fc2769a1b78a27578f13a17b -> 
  custom:container-demuxer-webm: 4f35f7cbe854078d1ac9338744f61a02 -> 
  custom:video-encoder-webm-vp8: eb34c28f22e8b96e1ab97ce403110664 -> 
  custom:video-codec-MediaFoundation-h265: 746d11721c4dcdbdad8f713fa42b33f4 -> 
  custom:CustomObjectIndexerAttribute: bc11b3a6c3213fcdd17b65e7da85e133 -> 
  custom:audio-encoder-webm-vorbis: bf7c407c2cedff20999df2af8eb42d56 -> 
  custom:framework-win-MediaFoundation: 216162199b28c13a410421893ffa2e32 -> 
  custom:SearchIndexIgnoredProperties: e643bd26f0fe6173181afceb89e7c659 -> 
  custom:container-demuxer-ogg: 62fdf1f143b41e24485cea50d1cbac27 -> 
  custom:video-decoder-webm-vp8: 9c59270c3fd7afecdb556c50c9e8de78 -> 
  custom:audio-decoder-ogg-vorbis: bf7c407c2cedff20999df2af8eb42d56 -> 
========================================================================
Received Prepare
Registering precompiled user dll's ...
Registered in 0.025964 seconds.
Begin MonoManager ReloadAssembly
Native extension for WindowsStandalone target not found
Refreshing native plugins compatible for Editor in 1.90 ms, found 3 plugins.
Preloading 0 native plugins for Editor in 0.00 ms.
[Package Manager] Server::EnsureServerProcessIsRunning -- launch failed, reason: Unity was launched with the -noUpm command-line argument
[Package Manager] Cannot connect to Unity Package Manager local server
Mono: successfully reloaded assembly
- Completed reload, in  4.899 seconds
Domain Reload Profiling:
	ReloadAssembly (4901ms)
		BeginReloadAssembly (592ms)
			ExecutionOrderSort (0ms)
			DisableScriptedObjects (11ms)
			BackupInstance (0ms)
			ReleaseScriptingObjects (0ms)
			CreateAndSetChildDomain (126ms)
		EndReloadAssembly (3930ms)
			LoadAssemblies (489ms)
			RebuildTransferFunctionScriptingTraits (0ms)
			SetupTypeCache (1008ms)
			ReleaseScriptCaches (4ms)
			RebuildScriptCaches (163ms)
			SetupLoadedEditorAssemblies (2301ms)
				LogAssemblyErrors (0ms)
				InitializePlatformSupportModulesInManaged (22ms)
				SetLoadedEditorAssemblies (2ms)
				RefreshPlugins (2ms)
				BeforeProcessingInitializeOnLoad (201ms)
				ProcessInitializeOnLoadAttributes (1968ms)
				ProcessInitializeOnLoadMethodAttributes (75ms)
				AfterProcessingInitializeOnLoad (30ms)
				EditorAssembliesLoaded (1ms)
			ExecutionOrderSort2 (0ms)
			AwakeInstancesAfterBackupRestoration (33ms)
Platform modules already initialized, skipping
Refreshing native plugins compatible for Editor in 2.56 ms, found 3 plugins.
Preloading 0 native plugins for Editor in 0.00 ms.
Unloading 3089 Unused Serialized files (Serialized files now loaded: 0)
Unloading 32 unused Assets / (0.7 MB). Loaded Objects now: 3618.
Memory consumption went from 109.2 MB to 108.5 MB.
Total: 11.765700 ms (FindLiveObjects: 1.202000 ms CreateObjectMapping: 0.793300 ms MarkObjects: 8.866100 ms  DeleteObjects: 0.900600 ms)

AssetImportParameters requested are different than current active one (requested -> active):
  custom:video-decoder-ogg-theora: a1e56fd34408186e4bbccfd4996cb3dc -> 
  custom:container-muxer-webm: aa71ff27fc2769a1b78a27578f13a17b -> 
  custom:container-demuxer-webm: 4f35f7cbe854078d1ac9338744f61a02 -> 
  custom:video-encoder-webm-vp8: eb34c28f22e8b96e1ab97ce403110664 -> 
  custom:video-codec-MediaFoundation-h265: 746d11721c4dcdbdad8f713fa42b33f4 -> 
  custom:CustomObjectIndexerAttribute: bc11b3a6c3213fcdd17b65e7da85e133 -> 
  custom:audio-encoder-webm-vorbis: bf7c407c2cedff20999df2af8eb42d56 -> 
  custom:framework-win-MediaFoundation: 216162199b28c13a410421893ffa2e32 -> 
  custom:SearchIndexIgnoredProperties: e643bd26f0fe6173181afceb89e7c659 -> 
  custom:container-demuxer-ogg: 62fdf1f143b41e24485cea50d1cbac27 -> 
  custom:video-decoder-webm-vp8: 9c59270c3fd7afecdb556c50c9e8de78 -> 
  custom:audio-decoder-ogg-vorbis: bf7c407c2cedff20999df2af8eb42d56 -> 
========================================================================
Received Prepare
Registering precompiled user dll's ...
Registered in 0.021073 seconds.
Begin MonoManager ReloadAssembly
Native extension for WindowsStandalone target not found
Refreshing native plugins compatible for Editor in 0.96 ms, found 3 plugins.
Preloading 0 native plugins for Editor in 0.00 ms.
[Package Manager] Server::EnsureServerProcessIsRunning -- launch failed, reason: Unity was launched with the -noUpm command-line argument
[Package Manager] Cannot connect to Unity Package Manager local server
Mono: successfully reloaded assembly
- Completed reload, in  3.014 seconds
Domain Reload Profiling:
	ReloadAssembly (3016ms)
		BeginReloadAssembly (351ms)
			ExecutionOrderSort (0ms)
			DisableScriptedObjects (19ms)
			BackupInstance (0ms)
			ReleaseScriptingObjects (0ms)
			CreateAndSetChildDomain (64ms)
		EndReloadAssembly (2433ms)
			LoadAssemblies (267ms)
			RebuildTransferFunctionScriptingTraits (0ms)
			SetupTypeCache (632ms)
			ReleaseScriptCaches (2ms)
			RebuildScriptCaches (117ms)
			SetupLoadedEditorAssemblies (1391ms)
				LogAssemblyErrors (0ms)
				InitializePlatformSupportModulesInManaged (13ms)
				SetLoadedEditorAssemblies (1ms)
				RefreshPlugins (1ms)
				BeforeProcessingInitializeOnLoad (131ms)
				ProcessInitializeOnLoadAttributes (1181ms)
				ProcessInitializeOnLoadMethodAttributes (42ms)
				AfterProcessingInitializeOnLoad (20ms)
				EditorAssembliesLoaded (0ms)
			ExecutionOrderSort2 (0ms)
			AwakeInstancesAfterBackupRestoration (21ms)
Platform modules already initialized, skipping
Refreshing native plugins compatible for Editor in 1.08 ms, found 3 plugins.
Preloading 0 native plugins for Editor in 0.00 ms.
Unloading 3089 Unused Serialized files (Serialized files now loaded: 0)
Unloading 32 unused Assets / (0.7 MB). Loaded Objects now: 3621.
Memory consumption went from 109.2 MB to 108.5 MB.
Total: 5.115900 ms (FindLiveObjects: 0.395100 ms CreateObjectMapping: 0.137400 ms MarkObjects: 4.081600 ms  DeleteObjects: 0.500500 ms)

AssetImportParameters requested are different than current active one (requested -> active):
  custom:video-decoder-ogg-theora: a1e56fd34408186e4bbccfd4996cb3dc -> 
  custom:container-muxer-webm: aa71ff27fc2769a1b78a27578f13a17b -> 
  custom:container-demuxer-webm: 4f35f7cbe854078d1ac9338744f61a02 -> 
  custom:video-encoder-webm-vp8: eb34c28f22e8b96e1ab97ce403110664 -> 
  custom:video-codec-MediaFoundation-h265: 746d11721c4dcdbdad8f713fa42b33f4 -> 
  custom:CustomObjectIndexerAttribute: bc11b3a6c3213fcdd17b65e7da85e133 -> 
  custom:audio-encoder-webm-vorbis: bf7c407c2cedff20999df2af8eb42d56 -> 
  custom:framework-win-MediaFoundation: 216162199b28c13a410421893ffa2e32 -> 
  custom:SearchIndexIgnoredProperties: e643bd26f0fe6173181afceb89e7c659 -> 
  custom:container-demuxer-ogg: 62fdf1f143b41e24485cea50d1cbac27 -> 
  custom:video-decoder-webm-vp8: 9c59270c3fd7afecdb556c50c9e8de78 -> 
  custom:audio-decoder-ogg-vorbis: bf7c407c2cedff20999df2af8eb42d56 -> 
========================================================================
Received Prepare
Registering precompiled user dll's ...
Registered in 0.025403 seconds.
Begin MonoManager ReloadAssembly
Native extension for WindowsStandalone target not found
Refreshing native plugins compatible for Editor in 0.88 ms, found 3 plugins.
Preloading 0 native plugins for Editor in 0.00 ms.
[Package Manager] Server::EnsureServerProcessIsRunning -- launch failed, reason: Unity was launched with the -noUpm command-line argument
[Package Manager] Cannot connect to Unity Package Manager local server
Mono: successfully reloaded assembly
- Completed reload, in  3.109 seconds
Domain Reload Profiling:
	ReloadAssembly (3110ms)
		BeginReloadAssembly (406ms)
			ExecutionOrderSort (0ms)
			DisableScriptedObjects (11ms)
			BackupInstance (0ms)
			ReleaseScriptingObjects (0ms)
			CreateAndSetChildDomain (81ms)
		EndReloadAssembly (2420ms)
			LoadAssemblies (326ms)
			RebuildTransferFunctionScriptingTraits (0ms)
			SetupTypeCache (718ms)
			ReleaseScriptCaches (4ms)
			RebuildScriptCaches (123ms)
			SetupLoadedEditorAssemblies (1268ms)
				LogAssemblyErrors (0ms)
				InitializePlatformSupportModulesInManaged (18ms)
				SetLoadedEditorAssemblies (1ms)
				RefreshPlugins (1ms)
				BeforeProcessingInitializeOnLoad (98ms)
				ProcessInitializeOnLoadAttributes (1095ms)
				ProcessInitializeOnLoadMethodAttributes (35ms)
				AfterProcessingInitializeOnLoad (20ms)
				EditorAssembliesLoaded (0ms)
			ExecutionOrderSort2 (0ms)
			AwakeInstancesAfterBackupRestoration (15ms)
Platform modules already initialized, skipping
Refreshing native plugins compatible for Editor in 0.64 ms, found 3 plugins.
Preloading 0 native plugins for Editor in 0.00 ms.
Unloading 3089 Unused Serialized files (Serialized files now loaded: 0)
Unloading 32 unused Assets / (0.7 MB). Loaded Objects now: 3624.
Memory consumption went from 109.2 MB to 108.5 MB.
Total: 5.672200 ms (FindLiveObjects: 0.489100 ms CreateObjectMapping: 0.181200 ms MarkObjects: 4.480900 ms  DeleteObjects: 0.519100 ms)

AssetImportParameters requested are different than current active one (requested -> active):
  custom:video-decoder-ogg-theora: a1e56fd34408186e4bbccfd4996cb3dc -> 
  custom:container-muxer-webm: aa71ff27fc2769a1b78a27578f13a17b -> 
  custom:container-demuxer-webm: 4f35f7cbe854078d1ac9338744f61a02 -> 
  custom:video-encoder-webm-vp8: eb34c28f22e8b96e1ab97ce403110664 -> 
  custom:video-codec-MediaFoundation-h265: 746d11721c4dcdbdad8f713fa42b33f4 -> 
  custom:CustomObjectIndexerAttribute: bc11b3a6c3213fcdd17b65e7da85e133 -> 
  custom:audio-encoder-webm-vorbis: bf7c407c2cedff20999df2af8eb42d56 -> 
  custom:framework-win-MediaFoundation: 216162199b28c13a410421893ffa2e32 -> 
  custom:SearchIndexIgnoredProperties: e643bd26f0fe6173181afceb89e7c659 -> 
  custom:container-demuxer-ogg: 62fdf1f143b41e24485cea50d1cbac27 -> 
  custom:video-decoder-webm-vp8: 9c59270c3fd7afecdb556c50c9e8de78 -> 
  custom:audio-decoder-ogg-vorbis: bf7c407c2cedff20999df2af8eb42d56 -> 
========================================================================
Received Prepare
Registering precompiled user dll's ...
Registered in 0.026934 seconds.
Begin MonoManager ReloadAssembly
Native extension for WindowsStandalone target not found
Refreshing native plugins compatible for Editor in 1.32 ms, found 3 plugins.
Preloading 0 native plugins for Editor in 0.00 ms.
[Package Manager] Server::EnsureServerProcessIsRunning -- launch failed, reason: Unity was launched with the -noUpm command-line argument
[Package Manager] Cannot connect to Unity Package Manager local server
Mono: successfully reloaded assembly
- Completed reload, in  4.770 seconds
Domain Reload Profiling:
	ReloadAssembly (4772ms)
		BeginReloadAssembly (383ms)
			ExecutionOrderSort (0ms)
			DisableScriptedObjects (11ms)
			BackupInstance (0ms)
			ReleaseScriptingObjects (0ms)
			CreateAndSetChildDomain (79ms)
		EndReloadAssembly (4003ms)
			LoadAssemblies (377ms)
			RebuildTransferFunctionScriptingTraits (0ms)
			SetupTypeCache (985ms)
			ReleaseScriptCaches (3ms)
			RebuildScriptCaches (150ms)
			SetupLoadedEditorAssemblies (2362ms)
				LogAssemblyErrors (0ms)
				InitializePlatformSupportModulesInManaged (14ms)
				SetLoadedEditorAssemblies (1ms)
				RefreshPlugins (2ms)
				BeforeProcessingInitializeOnLoad (187ms)
				ProcessInitializeOnLoadAttributes (2031ms)
				ProcessInitializeOnLoadMethodAttributes (88ms)
				AfterProcessingInitializeOnLoad (38ms)
				EditorAssembliesLoaded (1ms)
			ExecutionOrderSort2 (0ms)
			AwakeInstancesAfterBackupRestoration (36ms)
Platform modules already initialized, skipping
Refreshing native plugins compatible for Editor in 2.96 ms, found 3 plugins.
Preloading 0 native plugins for Editor in 0.00 ms.
Unloading 3089 Unused Serialized files (Serialized files now loaded: 0)
Unloading 32 unused Assets / (0.7 MB). Loaded Objects now: 3627.
Memory consumption went from 109.2 MB to 108.5 MB.
Total: 15.817300 ms (FindLiveObjects: 0.718400 ms CreateObjectMapping: 0.685300 ms MarkObjects: 12.891400 ms  DeleteObjects: 1.517400 ms)

AssetImportParameters requested are different than current active one (requested -> active):
  custom:video-decoder-ogg-theora: a1e56fd34408186e4bbccfd4996cb3dc -> 
  custom:container-muxer-webm: aa71ff27fc2769a1b78a27578f13a17b -> 
  custom:container-demuxer-webm: 4f35f7cbe854078d1ac9338744f61a02 -> 
  custom:video-encoder-webm-vp8: eb34c28f22e8b96e1ab97ce403110664 -> 
  custom:video-codec-MediaFoundation-h265: 746d11721c4dcdbdad8f713fa42b33f4 -> 
  custom:CustomObjectIndexerAttribute: bc11b3a6c3213fcdd17b65e7da85e133 -> 
  custom:audio-encoder-webm-vorbis: bf7c407c2cedff20999df2af8eb42d56 -> 
  custom:framework-win-MediaFoundation: 216162199b28c13a410421893ffa2e32 -> 
  custom:SearchIndexIgnoredProperties: e643bd26f0fe6173181afceb89e7c659 -> 
  custom:container-demuxer-ogg: 62fdf1f143b41e24485cea50d1cbac27 -> 
  custom:video-decoder-webm-vp8: 9c59270c3fd7afecdb556c50c9e8de78 -> 
  custom:audio-decoder-ogg-vorbis: bf7c407c2cedff20999df2af8eb42d56 -> 
========================================================================
Received Import Request.
  Time since last request: 2001.767588 seconds.
  path: ProjectSettings/TagManager.asset
  artifactKey: Guid(00000000000000003000000000000000) Importer(815301076,1909f56bfc062723c751e8b465ee728b)
Number of updated assets reloaded before import = 0
Start importing ProjectSettings/TagManager.asset using Guid(00000000000000003000000000000000) Importer(815301076,1909f56bfc062723c751e8b465ee728b)  -> (artifact id: '77867cfe46c55a43d58d8b69307fd9f0') in 0.027430 seconds 
Number of asset objects unloaded after import = 0
========================================================================
Received Prepare
Registering precompiled user dll's ...
Registered in 0.017136 seconds.
Begin MonoManager ReloadAssembly
Native extension for WindowsStandalone target not found
Refreshing native plugins compatible for Editor in 0.74 ms, found 3 plugins.
Preloading 0 native plugins for Editor in 0.00 ms.
[Package Manager] Server::EnsureServerProcessIsRunning -- launch failed, reason: Unity was launched with the -noUpm command-line argument
[Package Manager] Cannot connect to Unity Package Manager local server
Mono: successfully reloaded assembly
- Completed reload, in  2.717 seconds
Domain Reload Profiling:
	ReloadAssembly (2719ms)
		BeginReloadAssembly (367ms)
			ExecutionOrderSort (0ms)
			DisableScriptedObjects (13ms)
			BackupInstance (0ms)
			ReleaseScriptingObjects (0ms)
			CreateAndSetChildDomain (82ms)
		EndReloadAssembly (2161ms)
			LoadAssemblies (260ms)
			RebuildTransferFunctionScriptingTraits (0ms)
			SetupTypeCache (427ms)
			ReleaseScriptCaches (2ms)
			RebuildScriptCaches (53ms)
			SetupLoadedEditorAssemblies (1450ms)
				LogAssemblyErrors (0ms)
				InitializePlatformSupportModulesInManaged (12ms)
				SetLoadedEditorAssemblies (1ms)
				RefreshPlugins (1ms)
				BeforeProcessingInitializeOnLoad (206ms)
				ProcessInitializeOnLoadAttributes (1170ms)
				ProcessInitializeOnLoadMethodAttributes (42ms)
				AfterProcessingInitializeOnLoad (17ms)
				EditorAssembliesLoaded (0ms)
			ExecutionOrderSort2 (0ms)
			AwakeInstancesAfterBackupRestoration (17ms)
Platform modules already initialized, skipping
Refreshing native plugins compatible for Editor in 0.78 ms, found 3 plugins.
Preloading 0 native plugins for Editor in 0.00 ms.
Unloading 3089 Unused Serialized files (Serialized files now loaded: 0)
Unloading 33 unused Assets / (0.7 MB). Loaded Objects now: 3630.
Memory consumption went from 109.2 MB to 108.5 MB.
Total: 6.417600 ms (FindLiveObjects: 0.425800 ms CreateObjectMapping: 0.195800 ms MarkObjects: 5.266400 ms  DeleteObjects: 0.527400 ms)

AssetImportParameters requested are different than current active one (requested -> active):
  custom:video-decoder-ogg-theora: a1e56fd34408186e4bbccfd4996cb3dc -> 
  custom:container-muxer-webm: aa71ff27fc2769a1b78a27578f13a17b -> 
  custom:container-demuxer-webm: 4f35f7cbe854078d1ac9338744f61a02 -> 
  custom:video-encoder-webm-vp8: eb34c28f22e8b96e1ab97ce403110664 -> 
  custom:video-codec-MediaFoundation-h265: 746d11721c4dcdbdad8f713fa42b33f4 -> 
  custom:CustomObjectIndexerAttribute: bc11b3a6c3213fcdd17b65e7da85e133 -> 
  custom:audio-encoder-webm-vorbis: bf7c407c2cedff20999df2af8eb42d56 -> 
  custom:framework-win-MediaFoundation: 216162199b28c13a410421893ffa2e32 -> 
  custom:SearchIndexIgnoredProperties: e643bd26f0fe6173181afceb89e7c659 -> 
  custom:container-demuxer-ogg: 62fdf1f143b41e24485cea50d1cbac27 -> 
  custom:video-decoder-webm-vp8: 9c59270c3fd7afecdb556c50c9e8de78 -> 
  custom:audio-decoder-ogg-vorbis: bf7c407c2cedff20999df2af8eb42d56 -> 
========================================================================
Received Prepare
Registering precompiled user dll's ...
Registered in 0.018432 seconds.
Begin MonoManager ReloadAssembly
Native extension for WindowsStandalone target not found
Refreshing native plugins compatible for Editor in 2.04 ms, found 3 plugins.
Preloading 0 native plugins for Editor in 0.00 ms.
[Package Manager] Server::EnsureServerProcessIsRunning -- launch failed, reason: Unity was launched with the -noUpm command-line argument
[Package Manager] Cannot connect to Unity Package Manager local server
Mono: successfully reloaded assembly
- Completed reload, in  3.907 seconds
Domain Reload Profiling:
	ReloadAssembly (3909ms)
		BeginReloadAssembly (355ms)
			ExecutionOrderSort (0ms)
			DisableScriptedObjects (10ms)
			BackupInstance (0ms)
			ReleaseScriptingObjects (0ms)
			CreateAndSetChildDomain (77ms)
		EndReloadAssembly (3269ms)
			LoadAssemblies (310ms)
			RebuildTransferFunctionScriptingTraits (0ms)
			SetupTypeCache (821ms)
			ReleaseScriptCaches (4ms)
			RebuildScriptCaches (132ms)
			SetupLoadedEditorAssemblies (1925ms)
				LogAssemblyErrors (0ms)
				InitializePlatformSupportModulesInManaged (19ms)
				SetLoadedEditorAssemblies (1ms)
				RefreshPlugins (2ms)
				BeforeProcessingInitializeOnLoad (179ms)
				ProcessInitializeOnLoadAttributes (1630ms)
				ProcessInitializeOnLoadMethodAttributes (64ms)
				AfterProcessingInitializeOnLoad (28ms)
				EditorAssembliesLoaded (1ms)
			ExecutionOrderSort2 (0ms)
			AwakeInstancesAfterBackupRestoration (30ms)
Platform modules already initialized, skipping
Refreshing native plugins compatible for Editor in 2.16 ms, found 3 plugins.
Preloading 0 native plugins for Editor in 0.00 ms.
Unloading 3089 Unused Serialized files (Serialized files now loaded: 0)
Unloading 32 unused Assets / (0.7 MB). Loaded Objects now: 3633.
Memory consumption went from 109.2 MB to 108.5 MB.
Total: 9.716000 ms (FindLiveObjects: 0.541200 ms CreateObjectMapping: 0.460100 ms MarkObjects: 8.003400 ms  DeleteObjects: 0.708800 ms)

AssetImportParameters requested are different than current active one (requested -> active):
  custom:video-decoder-ogg-theora: a1e56fd34408186e4bbccfd4996cb3dc -> 
  custom:container-muxer-webm: aa71ff27fc2769a1b78a27578f13a17b -> 
  custom:container-demuxer-webm: 4f35f7cbe854078d1ac9338744f61a02 -> 
  custom:video-encoder-webm-vp8: eb34c28f22e8b96e1ab97ce403110664 -> 
  custom:video-codec-MediaFoundation-h265: 746d11721c4dcdbdad8f713fa42b33f4 -> 
  custom:CustomObjectIndexerAttribute: bc11b3a6c3213fcdd17b65e7da85e133 -> 
  custom:audio-encoder-webm-vorbis: bf7c407c2cedff20999df2af8eb42d56 -> 
  custom:framework-win-MediaFoundation: 216162199b28c13a410421893ffa2e32 -> 
  custom:SearchIndexIgnoredProperties: e643bd26f0fe6173181afceb89e7c659 -> 
  custom:container-demuxer-ogg: 62fdf1f143b41e24485cea50d1cbac27 -> 
  custom:video-decoder-webm-vp8: 9c59270c3fd7afecdb556c50c9e8de78 -> 
  custom:audio-decoder-ogg-vorbis: bf7c407c2cedff20999df2af8eb42d56 -> 
========================================================================
Received Prepare
Registering precompiled user dll's ...
Registered in 0.022489 seconds.
Begin MonoManager ReloadAssembly
Native extension for WindowsStandalone target not found
Refreshing native plugins compatible for Editor in 1.37 ms, found 3 plugins.
Preloading 0 native plugins for Editor in 0.00 ms.
[Package Manager] Server::EnsureServerProcessIsRunning -- launch failed, reason: Unity was launched with the -noUpm command-line argument
[Package Manager] Cannot connect to Unity Package Manager local server
Mono: successfully reloaded assembly
- Completed reload, in  3.072 seconds
Domain Reload Profiling:
	ReloadAssembly (3074ms)
		BeginReloadAssembly (407ms)
			ExecutionOrderSort (0ms)
			DisableScriptedObjects (11ms)
			BackupInstance (0ms)
			ReleaseScriptingObjects (0ms)
			CreateAndSetChildDomain (108ms)
		EndReloadAssembly (2341ms)
			LoadAssemblies (285ms)
			RebuildTransferFunctionScriptingTraits (0ms)
			SetupTypeCache (610ms)
			ReleaseScriptCaches (2ms)
			RebuildScriptCaches (105ms)
			SetupLoadedEditorAssemblies (1340ms)
				LogAssemblyErrors (0ms)
				InitializePlatformSupportModulesInManaged (14ms)
				SetLoadedEditorAssemblies (1ms)
				RefreshPlugins (2ms)
				BeforeProcessingInitializeOnLoad (122ms)
				ProcessInitializeOnLoadAttributes (1156ms)
				ProcessInitializeOnLoadMethodAttributes (32ms)
				AfterProcessingInitializeOnLoad (14ms)
				EditorAssembliesLoaded (0ms)
			ExecutionOrderSort2 (0ms)
			AwakeInstancesAfterBackupRestoration (17ms)
Platform modules already initialized, skipping
Refreshing native plugins compatible for Editor in 0.96 ms, found 3 plugins.
Preloading 0 native plugins for Editor in 0.00 ms.
Unloading 3089 Unused Serialized files (Serialized files now loaded: 0)
Unloading 32 unused Assets / (0.7 MB). Loaded Objects now: 3636.
Memory consumption went from 109.2 MB to 108.5 MB.
Total: 5.249000 ms (FindLiveObjects: 0.415200 ms CreateObjectMapping: 0.143400 ms MarkObjects: 4.183000 ms  DeleteObjects: 0.506000 ms)

AssetImportParameters requested are different than current active one (requested -> active):
  custom:video-decoder-ogg-theora: a1e56fd34408186e4bbccfd4996cb3dc -> 
  custom:container-muxer-webm: aa71ff27fc2769a1b78a27578f13a17b -> 
  custom:container-demuxer-webm: 4f35f7cbe854078d1ac9338744f61a02 -> 
  custom:video-encoder-webm-vp8: eb34c28f22e8b96e1ab97ce403110664 -> 
  custom:video-codec-MediaFoundation-h265: 746d11721c4dcdbdad8f713fa42b33f4 -> 
  custom:CustomObjectIndexerAttribute: bc11b3a6c3213fcdd17b65e7da85e133 -> 
  custom:audio-encoder-webm-vorbis: bf7c407c2cedff20999df2af8eb42d56 -> 
  custom:framework-win-MediaFoundation: 216162199b28c13a410421893ffa2e32 -> 
  custom:SearchIndexIgnoredProperties: e643bd26f0fe6173181afceb89e7c659 -> 
  custom:container-demuxer-ogg: 62fdf1f143b41e24485cea50d1cbac27 -> 
  custom:video-decoder-webm-vp8: 9c59270c3fd7afecdb556c50c9e8de78 -> 
  custom:audio-decoder-ogg-vorbis: bf7c407c2cedff20999df2af8eb42d56 -> 
========================================================================
Received Prepare
Registering precompiled user dll's ...
Registered in 0.018877 seconds.
Begin MonoManager ReloadAssembly
Native extension for WindowsStandalone target not found
Refreshing native plugins compatible for Editor in 1.02 ms, found 3 plugins.
Preloading 0 native plugins for Editor in 0.00 ms.
[Package Manager] Server::EnsureServerProcessIsRunning -- launch failed, reason: Unity was launched with the -noUpm command-line argument
[Package Manager] Cannot connect to Unity Package Manager local server
Mono: successfully reloaded assembly
- Completed reload, in  3.884 seconds
Domain Reload Profiling:
	ReloadAssembly (3885ms)
		BeginReloadAssembly (363ms)
			ExecutionOrderSort (0ms)
			DisableScriptedObjects (12ms)
			BackupInstance (0ms)
			ReleaseScriptingObjects (0ms)
			CreateAndSetChildDomain (76ms)
		EndReloadAssembly (3237ms)
			LoadAssemblies (316ms)
			RebuildTransferFunctionScriptingTraits (0ms)
			SetupTypeCache (812ms)
			ReleaseScriptCaches (4ms)
			RebuildScriptCaches (151ms)
			SetupLoadedEditorAssemblies (1875ms)
				LogAssemblyErrors (0ms)
				InitializePlatformSupportModulesInManaged (18ms)
				SetLoadedEditorAssemblies (1ms)
				RefreshPlugins (1ms)
				BeforeProcessingInitializeOnLoad (161ms)
				ProcessInitializeOnLoadAttributes (1592ms)
				ProcessInitializeOnLoadMethodAttributes (74ms)
				AfterProcessingInitializeOnLoad (27ms)
				EditorAssembliesLoaded (1ms)
			ExecutionOrderSort2 (0ms)
			AwakeInstancesAfterBackupRestoration (30ms)
Platform modules already initialized, skipping
Refreshing native plugins compatible for Editor in 3.48 ms, found 3 plugins.
Preloading 0 native plugins for Editor in 0.00 ms.
Unloading 3089 Unused Serialized files (Serialized files now loaded: 0)
Unloading 32 unused Assets / (0.7 MB). Loaded Objects now: 3639.
Memory consumption went from 109.2 MB to 108.6 MB.
Total: 11.603300 ms (FindLiveObjects: 0.895700 ms CreateObjectMapping: 0.987600 ms MarkObjects: 8.503900 ms  DeleteObjects: 1.211900 ms)

AssetImportParameters requested are different than current active one (requested -> active):
  custom:video-decoder-ogg-theora: a1e56fd34408186e4bbccfd4996cb3dc -> 
  custom:container-muxer-webm: aa71ff27fc2769a1b78a27578f13a17b -> 
  custom:container-demuxer-webm: 4f35f7cbe854078d1ac9338744f61a02 -> 
  custom:video-encoder-webm-vp8: eb34c28f22e8b96e1ab97ce403110664 -> 
  custom:video-codec-MediaFoundation-h265: 746d11721c4dcdbdad8f713fa42b33f4 -> 
  custom:CustomObjectIndexerAttribute: bc11b3a6c3213fcdd17b65e7da85e133 -> 
  custom:audio-encoder-webm-vorbis: bf7c407c2cedff20999df2af8eb42d56 -> 
  custom:framework-win-MediaFoundation: 216162199b28c13a410421893ffa2e32 -> 
  custom:SearchIndexIgnoredProperties: e643bd26f0fe6173181afceb89e7c659 -> 
  custom:container-demuxer-ogg: 62fdf1f143b41e24485cea50d1cbac27 -> 
  custom:video-decoder-webm-vp8: 9c59270c3fd7afecdb556c50c9e8de78 -> 
  custom:audio-decoder-ogg-vorbis: bf7c407c2cedff20999df2af8eb42d56 -> 
========================================================================
Received Prepare
Registering precompiled user dll's ...
Registered in 0.016604 seconds.
Begin MonoManager ReloadAssembly
Native extension for WindowsStandalone target not found
Refreshing native plugins compatible for Editor in 1.77 ms, found 3 plugins.
Preloading 0 native plugins for Editor in 0.00 ms.
[Package Manager] Server::EnsureServerProcessIsRunning -- launch failed, reason: Unity was launched with the -noUpm command-line argument
[Package Manager] Cannot connect to Unity Package Manager local server
Mono: successfully reloaded assembly
- Completed reload, in  4.075 seconds
Domain Reload Profiling:
	ReloadAssembly (4077ms)
		BeginReloadAssembly (307ms)
			ExecutionOrderSort (0ms)
			DisableScriptedObjects (10ms)
			BackupInstance (0ms)
			ReleaseScriptingObjects (0ms)
			CreateAndSetChildDomain (58ms)
		EndReloadAssembly (3548ms)
			LoadAssemblies (279ms)
			RebuildTransferFunctionScriptingTraits (0ms)
			SetupTypeCache (989ms)
			ReleaseScriptCaches (4ms)
			RebuildScriptCaches (156ms)
			SetupLoadedEditorAssemblies (1979ms)
				LogAssemblyErrors (0ms)
				InitializePlatformSupportModulesInManaged (19ms)
				SetLoadedEditorAssemblies (1ms)
				RefreshPlugins (2ms)
				BeforeProcessingInitializeOnLoad (200ms)
				ProcessInitializeOnLoadAttributes (1640ms)
				ProcessInitializeOnLoadMethodAttributes (89ms)
				AfterProcessingInitializeOnLoad (27ms)
				EditorAssembliesLoaded (1ms)
			ExecutionOrderSort2 (0ms)
			AwakeInstancesAfterBackupRestoration (33ms)
Platform modules already initialized, skipping
Refreshing native plugins compatible for Editor in 1.19 ms, found 3 plugins.
Preloading 0 native plugins for Editor in 0.00 ms.
Unloading 3089 Unused Serialized files (Serialized files now loaded: 0)
Unloading 32 unused Assets / (0.7 MB). Loaded Objects now: 3642.
Memory consumption went from 109.3 MB to 108.6 MB.
Total: 13.685200 ms (FindLiveObjects: 0.772800 ms CreateObjectMapping: 0.757400 ms MarkObjects: 10.675300 ms  DeleteObjects: 1.476600 ms)

AssetImportParameters requested are different than current active one (requested -> active):
  custom:video-decoder-ogg-theora: a1e56fd34408186e4bbccfd4996cb3dc -> 
  custom:container-muxer-webm: aa71ff27fc2769a1b78a27578f13a17b -> 
  custom:container-demuxer-webm: 4f35f7cbe854078d1ac9338744f61a02 -> 
  custom:video-encoder-webm-vp8: eb34c28f22e8b96e1ab97ce403110664 -> 
  custom:video-codec-MediaFoundation-h265: 746d11721c4dcdbdad8f713fa42b33f4 -> 
  custom:CustomObjectIndexerAttribute: bc11b3a6c3213fcdd17b65e7da85e133 -> 
  custom:audio-encoder-webm-vorbis: bf7c407c2cedff20999df2af8eb42d56 -> 
  custom:framework-win-MediaFoundation: 216162199b28c13a410421893ffa2e32 -> 
  custom:SearchIndexIgnoredProperties: e643bd26f0fe6173181afceb89e7c659 -> 
  custom:container-demuxer-ogg: 62fdf1f143b41e24485cea50d1cbac27 -> 
  custom:video-decoder-webm-vp8: 9c59270c3fd7afecdb556c50c9e8de78 -> 
  custom:audio-decoder-ogg-vorbis: bf7c407c2cedff20999df2af8eb42d56 -> 
========================================================================
Received Prepare
Registering precompiled user dll's ...
Registered in 0.016372 seconds.
Begin MonoManager ReloadAssembly
Native extension for WindowsStandalone target not found
Refreshing native plugins compatible for Editor in 2.10 ms, found 3 plugins.
Preloading 0 native plugins for Editor in 0.00 ms.
[Package Manager] Server::EnsureServerProcessIsRunning -- launch failed, reason: Unity was launched with the -noUpm command-line argument
[Package Manager] Cannot connect to Unity Package Manager local server
Mono: successfully reloaded assembly
- Completed reload, in  4.870 seconds
Domain Reload Profiling:
	ReloadAssembly (4872ms)
		BeginReloadAssembly (509ms)
			ExecutionOrderSort (0ms)
			DisableScriptedObjects (13ms)
			BackupInstance (0ms)
			ReleaseScriptingObjects (0ms)
			CreateAndSetChildDomain (99ms)
		EndReloadAssembly (3954ms)
			LoadAssemblies (433ms)
			RebuildTransferFunctionScriptingTraits (0ms)
			SetupTypeCache (939ms)
			ReleaseScriptCaches (3ms)
			RebuildScriptCaches (180ms)
			SetupLoadedEditorAssemblies (2343ms)
				LogAssemblyErrors (0ms)
				InitializePlatformSupportModulesInManaged (22ms)
				SetLoadedEditorAssemblies (3ms)
				RefreshPlugins (2ms)
				BeforeProcessingInitializeOnLoad (230ms)
				ProcessInitializeOnLoadAttributes (1995ms)
				ProcessInitializeOnLoadMethodAttributes (65ms)
				AfterProcessingInitializeOnLoad (26ms)
				EditorAssembliesLoaded (1ms)
			ExecutionOrderSort2 (0ms)
			AwakeInstancesAfterBackupRestoration (37ms)
Platform modules already initialized, skipping
Refreshing native plugins compatible for Editor in 2.95 ms, found 3 plugins.
Preloading 0 native plugins for Editor in 0.00 ms.
Unloading 3089 Unused Serialized files (Serialized files now loaded: 0)
Unloading 32 unused Assets / (0.7 MB). Loaded Objects now: 3645.
Memory consumption went from 109.3 MB to 108.6 MB.
Total: 15.816200 ms (FindLiveObjects: 0.852500 ms CreateObjectMapping: 0.764200 ms MarkObjects: 13.010100 ms  DeleteObjects: 1.185800 ms)

AssetImportParameters requested are different than current active one (requested -> active):
  custom:video-decoder-ogg-theora: a1e56fd34408186e4bbccfd4996cb3dc -> 
  custom:container-muxer-webm: aa71ff27fc2769a1b78a27578f13a17b -> 
  custom:container-demuxer-webm: 4f35f7cbe854078d1ac9338744f61a02 -> 
  custom:video-encoder-webm-vp8: eb34c28f22e8b96e1ab97ce403110664 -> 
  custom:video-codec-MediaFoundation-h265: 746d11721c4dcdbdad8f713fa42b33f4 -> 
  custom:CustomObjectIndexerAttribute: bc11b3a6c3213fcdd17b65e7da85e133 -> 
  custom:audio-encoder-webm-vorbis: bf7c407c2cedff20999df2af8eb42d56 -> 
  custom:framework-win-MediaFoundation: 216162199b28c13a410421893ffa2e32 -> 
  custom:SearchIndexIgnoredProperties: e643bd26f0fe6173181afceb89e7c659 -> 
  custom:container-demuxer-ogg: 62fdf1f143b41e24485cea50d1cbac27 -> 
  custom:video-decoder-webm-vp8: 9c59270c3fd7afecdb556c50c9e8de78 -> 
  custom:audio-decoder-ogg-vorbis: bf7c407c2cedff20999df2af8eb42d56 -> 
========================================================================
Received Prepare
Registering precompiled user dll's ...
Registered in 0.021961 seconds.
Begin MonoManager ReloadAssembly
Native extension for WindowsStandalone target not found
Refreshing native plugins compatible for Editor in 1.21 ms, found 3 plugins.
Preloading 0 native plugins for Editor in 0.00 ms.
[Package Manager] Server::EnsureServerProcessIsRunning -- launch failed, reason: Unity was launched with the -noUpm command-line argument
[Package Manager] Cannot connect to Unity Package Manager local server
Mono: successfully reloaded assembly
- Completed reload, in  4.344 seconds
Domain Reload Profiling:
	ReloadAssembly (4346ms)
		BeginReloadAssembly (449ms)
			ExecutionOrderSort (0ms)
			DisableScriptedObjects (46ms)
			BackupInstance (0ms)
			ReleaseScriptingObjects (0ms)
			CreateAndSetChildDomain (76ms)
		EndReloadAssembly (3597ms)
			LoadAssemblies (403ms)
			RebuildTransferFunctionScriptingTraits (0ms)
			SetupTypeCache (1189ms)
			ReleaseScriptCaches (3ms)
			RebuildScriptCaches (153ms)
			SetupLoadedEditorAssemblies (1634ms)
				LogAssemblyErrors (0ms)
				InitializePlatformSupportModulesInManaged (16ms)
				SetLoadedEditorAssemblies (1ms)
				RefreshPlugins (1ms)
				BeforeProcessingInitializeOnLoad (143ms)
				ProcessInitializeOnLoadAttributes (1399ms)
				ProcessInitializeOnLoadMethodAttributes (45ms)
				AfterProcessingInitializeOnLoad (29ms)
				EditorAssembliesLoaded (0ms)
			ExecutionOrderSort2 (0ms)
			AwakeInstancesAfterBackupRestoration (94ms)
Platform modules already initialized, skipping
Refreshing native plugins compatible for Editor in 1.05 ms, found 3 plugins.
Preloading 0 native plugins for Editor in 0.00 ms.
Unloading 3089 Unused Serialized files (Serialized files now loaded: 0)
Unloading 32 unused Assets / (0.7 MB). Loaded Objects now: 3648.
Memory consumption went from 109.3 MB to 108.6 MB.
Total: 6.258400 ms (FindLiveObjects: 0.448300 ms CreateObjectMapping: 0.230000 ms MarkObjects: 5.052600 ms  DeleteObjects: 0.525800 ms)

AssetImportParameters requested are different than current active one (requested -> active):
  custom:video-decoder-ogg-theora: a1e56fd34408186e4bbccfd4996cb3dc -> 
  custom:container-muxer-webm: aa71ff27fc2769a1b78a27578f13a17b -> 
  custom:container-demuxer-webm: 4f35f7cbe854078d1ac9338744f61a02 -> 
  custom:video-encoder-webm-vp8: eb34c28f22e8b96e1ab97ce403110664 -> 
  custom:video-codec-MediaFoundation-h265: 746d11721c4dcdbdad8f713fa42b33f4 -> 
  custom:CustomObjectIndexerAttribute: bc11b3a6c3213fcdd17b65e7da85e133 -> 
  custom:audio-encoder-webm-vorbis: bf7c407c2cedff20999df2af8eb42d56 -> 
  custom:framework-win-MediaFoundation: 216162199b28c13a410421893ffa2e32 -> 
  custom:SearchIndexIgnoredProperties: e643bd26f0fe6173181afceb89e7c659 -> 
  custom:container-demuxer-ogg: 62fdf1f143b41e24485cea50d1cbac27 -> 
  custom:video-decoder-webm-vp8: 9c59270c3fd7afecdb556c50c9e8de78 -> 
  custom:audio-decoder-ogg-vorbis: bf7c407c2cedff20999df2af8eb42d56 -> 
========================================================================
Received Import Request.
  Time since last request: 576.945853 seconds.
  path: Assets/Script/TrashBin.cs
  artifactKey: Guid(753d57a04b37974488835250f54be7f8) Importer(815301076,1909f56bfc062723c751e8b465ee728b)
Number of updated assets reloaded before import = 0
Start importing Assets/Script/TrashBin.cs using Guid(753d57a04b37974488835250f54be7f8) Importer(815301076,1909f56bfc062723c751e8b465ee728b)  -> (artifact id: '96b2696c402d6909f3e179eb8cd0876d') in 0.041990 seconds 
Number of asset objects unloaded after import = 0
========================================================================
Received Prepare
Registering precompiled user dll's ...
Registered in 0.025445 seconds.
Begin MonoManager ReloadAssembly
Native extension for WindowsStandalone target not found
Refreshing native plugins compatible for Editor in 1.14 ms, found 3 plugins.
Preloading 0 native plugins for Editor in 0.00 ms.
[Package Manager] Server::EnsureServerProcessIsRunning -- launch failed, reason: Unity was launched with the -noUpm command-line argument
[Package Manager] Cannot connect to Unity Package Manager local server
Mono: successfully reloaded assembly
- Completed reload, in  3.353 seconds
Domain Reload Profiling:
	ReloadAssembly (3355ms)
		BeginReloadAssembly (362ms)
			ExecutionOrderSort (0ms)
			DisableScriptedObjects (11ms)
			BackupInstance (0ms)
			ReleaseScriptingObjects (0ms)
			CreateAndSetChildDomain (80ms)
		EndReloadAssembly (2744ms)
			LoadAssemblies (275ms)
			RebuildTransferFunctionScriptingTraits (0ms)
			SetupTypeCache (543ms)
			ReleaseScriptCaches (2ms)
			RebuildScriptCaches (97ms)
			SetupLoadedEditorAssemblies (1816ms)
				LogAssemblyErrors (0ms)
				InitializePlatformSupportModulesInManaged (12ms)
				SetLoadedEditorAssemblies (1ms)
				RefreshPlugins (1ms)
				BeforeProcessingInitializeOnLoad (159ms)
				ProcessInitializeOnLoadAttributes (1568ms)
				ProcessInitializeOnLoadMethodAttributes (50ms)
				AfterProcessingInitializeOnLoad (24ms)
				EditorAssembliesLoaded (0ms)
			ExecutionOrderSort2 (0ms)
			AwakeInstancesAfterBackupRestoration (23ms)
Platform modules already initialized, skipping
Refreshing native plugins compatible for Editor in 1.36 ms, found 3 plugins.
Preloading 0 native plugins for Editor in 0.00 ms.
Unloading 3090 Unused Serialized files (Serialized files now loaded: 0)
Unloading 32 unused Assets / (0.7 MB). Loaded Objects now: 3652.
Memory consumption went from 109.3 MB to 108.6 MB.
Total: 8.534400 ms (FindLiveObjects: 0.563100 ms CreateObjectMapping: 0.494200 ms MarkObjects: 6.692600 ms  DeleteObjects: 0.782700 ms)

AssetImportParameters requested are different than current active one (requested -> active):
  custom:video-decoder-ogg-theora: a1e56fd34408186e4bbccfd4996cb3dc -> 
  custom:container-muxer-webm: aa71ff27fc2769a1b78a27578f13a17b -> 
  custom:container-demuxer-webm: 4f35f7cbe854078d1ac9338744f61a02 -> 
  custom:video-encoder-webm-vp8: eb34c28f22e8b96e1ab97ce403110664 -> 
  custom:video-codec-MediaFoundation-h265: 746d11721c4dcdbdad8f713fa42b33f4 -> 
  custom:CustomObjectIndexerAttribute: bc11b3a6c3213fcdd17b65e7da85e133 -> 
  custom:audio-encoder-webm-vorbis: bf7c407c2cedff20999df2af8eb42d56 -> 
  custom:framework-win-MediaFoundation: 216162199b28c13a410421893ffa2e32 -> 
  custom:SearchIndexIgnoredProperties: e643bd26f0fe6173181afceb89e7c659 -> 
  custom:container-demuxer-ogg: 62fdf1f143b41e24485cea50d1cbac27 -> 
  custom:video-decoder-webm-vp8: 9c59270c3fd7afecdb556c50c9e8de78 -> 
  custom:audio-decoder-ogg-vorbis: bf7c407c2cedff20999df2af8eb42d56 -> 
========================================================================
Received Prepare
Registering precompiled user dll's ...
Registered in 0.017933 seconds.
Begin MonoManager ReloadAssembly
Native extension for WindowsStandalone target not found
Refreshing native plugins compatible for Editor in 1.19 ms, found 3 plugins.
Preloading 0 native plugins for Editor in 0.00 ms.
[Package Manager] Server::EnsureServerProcessIsRunning -- launch failed, reason: Unity was launched with the -noUpm command-line argument
[Package Manager] Cannot connect to Unity Package Manager local server
Mono: successfully reloaded assembly
- Completed reload, in  2.678 seconds
Domain Reload Profiling:
	ReloadAssembly (2679ms)
		BeginReloadAssembly (318ms)
			ExecutionOrderSort (0ms)
			DisableScriptedObjects (15ms)
			BackupInstance (0ms)
			ReleaseScriptingObjects (0ms)
			CreateAndSetChildDomain (62ms)
		EndReloadAssembly (2162ms)
			LoadAssemblies (249ms)
			RebuildTransferFunctionScriptingTraits (0ms)
			SetupTypeCache (461ms)
			ReleaseScriptCaches (1ms)
			RebuildScriptCaches (75ms)
			SetupLoadedEditorAssemblies (1366ms)
				LogAssemblyErrors (0ms)
				InitializePlatformSupportModulesInManaged (10ms)
				SetLoadedEditorAssemblies (1ms)
				RefreshPlugins (1ms)
				BeforeProcessingInitializeOnLoad (107ms)
				ProcessInitializeOnLoadAttributes (1193ms)
				ProcessInitializeOnLoadMethodAttributes (35ms)
				AfterProcessingInitializeOnLoad (18ms)
				EditorAssembliesLoaded (0ms)
			ExecutionOrderSort2 (0ms)
			AwakeInstancesAfterBackupRestoration (17ms)
Platform modules already initialized, skipping
Refreshing native plugins compatible for Editor in 1.09 ms, found 3 plugins.
Preloading 0 native plugins for Editor in 0.00 ms.
Unloading 3090 Unused Serialized files (Serialized files now loaded: 0)
Unloading 32 unused Assets / (0.7 MB). Loaded Objects now: 3655.
Memory consumption went from 109.3 MB to 108.6 MB.
Total: 7.260700 ms (FindLiveObjects: 0.533200 ms CreateObjectMapping: 0.219500 ms MarkObjects: 5.874200 ms  DeleteObjects: 0.631800 ms)

AssetImportParameters requested are different than current active one (requested -> active):
  custom:video-decoder-ogg-theora: a1e56fd34408186e4bbccfd4996cb3dc -> 
  custom:container-muxer-webm: aa71ff27fc2769a1b78a27578f13a17b -> 
  custom:container-demuxer-webm: 4f35f7cbe854078d1ac9338744f61a02 -> 
  custom:video-encoder-webm-vp8: eb34c28f22e8b96e1ab97ce403110664 -> 
  custom:video-codec-MediaFoundation-h265: 746d11721c4dcdbdad8f713fa42b33f4 -> 
  custom:CustomObjectIndexerAttribute: bc11b3a6c3213fcdd17b65e7da85e133 -> 
  custom:audio-encoder-webm-vorbis: bf7c407c2cedff20999df2af8eb42d56 -> 
  custom:framework-win-MediaFoundation: 216162199b28c13a410421893ffa2e32 -> 
  custom:SearchIndexIgnoredProperties: e643bd26f0fe6173181afceb89e7c659 -> 
  custom:container-demuxer-ogg: 62fdf1f143b41e24485cea50d1cbac27 -> 
  custom:video-decoder-webm-vp8: 9c59270c3fd7afecdb556c50c9e8de78 -> 
  custom:audio-decoder-ogg-vorbis: bf7c407c2cedff20999df2af8eb42d56 -> 
========================================================================
Received Import Request.
  Time since last request: 23.414263 seconds.
  path: Assets/Script/TrashBin.cs
  artifactKey: Guid(753d57a04b37974488835250f54be7f8) Importer(815301076,1909f56bfc062723c751e8b465ee728b)
Number of updated assets reloaded before import = 0
Start importing Assets/Script/TrashBin.cs using Guid(753d57a04b37974488835250f54be7f8) Importer(815301076,1909f56bfc062723c751e8b465ee728b)  -> (artifact id: '555d7979a44af06a174b8d88ab7eaf65') in 0.014218 seconds 
Number of asset objects unloaded after import = 0
========================================================================
Received Prepare
Registering precompiled user dll's ...
Registered in 0.013541 seconds.
Begin MonoManager ReloadAssembly
Native extension for WindowsStandalone target not found
Refreshing native plugins compatible for Editor in 2.22 ms, found 3 plugins.
Preloading 0 native plugins for Editor in 0.00 ms.
[Package Manager] Server::EnsureServerProcessIsRunning -- launch failed, reason: Unity was launched with the -noUpm command-line argument
[Package Manager] Cannot connect to Unity Package Manager local server
Mono: successfully reloaded assembly
- Completed reload, in  3.872 seconds
Domain Reload Profiling:
	ReloadAssembly (3873ms)
		BeginReloadAssembly (295ms)
			ExecutionOrderSort (0ms)
			DisableScriptedObjects (11ms)
			BackupInstance (0ms)
			ReleaseScriptingObjects (0ms)
			CreateAndSetChildDomain (58ms)
		EndReloadAssembly (3376ms)
			LoadAssemblies (250ms)
			RebuildTransferFunctionScriptingTraits (0ms)
			SetupTypeCache (839ms)
			ReleaseScriptCaches (4ms)
			RebuildScriptCaches (145ms)
			SetupLoadedEditorAssemblies (2029ms)
				LogAssemblyErrors (0ms)
				InitializePlatformSupportModulesInManaged (22ms)
				SetLoadedEditorAssemblies (2ms)
				RefreshPlugins (3ms)
				BeforeProcessingInitializeOnLoad (166ms)
				ProcessInitializeOnLoadAttributes (1718ms)
				ProcessInitializeOnLoadMethodAttributes (82ms)
				AfterProcessingInitializeOnLoad (36ms)
				EditorAssembliesLoaded (1ms)
			ExecutionOrderSort2 (0ms)
			AwakeInstancesAfterBackupRestoration (32ms)
Platform modules already initialized, skipping
Refreshing native plugins compatible for Editor in 2.15 ms, found 3 plugins.
Preloading 0 native plugins for Editor in 0.00 ms.
Unloading 3090 Unused Serialized files (Serialized files now loaded: 0)
Unloading 32 unused Assets / (0.7 MB). Loaded Objects now: 3658.
Memory consumption went from 109.3 MB to 108.6 MB.
Total: 11.496800 ms (FindLiveObjects: 1.167600 ms CreateObjectMapping: 0.781400 ms MarkObjects: 8.304100 ms  DeleteObjects: 1.239400 ms)

AssetImportParameters requested are different than current active one (requested -> active):
  custom:video-decoder-ogg-theora: a1e56fd34408186e4bbccfd4996cb3dc -> 
  custom:container-muxer-webm: aa71ff27fc2769a1b78a27578f13a17b -> 
  custom:container-demuxer-webm: 4f35f7cbe854078d1ac9338744f61a02 -> 
  custom:video-encoder-webm-vp8: eb34c28f22e8b96e1ab97ce403110664 -> 
  custom:video-codec-MediaFoundation-h265: 746d11721c4dcdbdad8f713fa42b33f4 -> 
  custom:CustomObjectIndexerAttribute: bc11b3a6c3213fcdd17b65e7da85e133 -> 
  custom:audio-encoder-webm-vorbis: bf7c407c2cedff20999df2af8eb42d56 -> 
  custom:framework-win-MediaFoundation: 216162199b28c13a410421893ffa2e32 -> 
  custom:SearchIndexIgnoredProperties: e643bd26f0fe6173181afceb89e7c659 -> 
  custom:container-demuxer-ogg: 62fdf1f143b41e24485cea50d1cbac27 -> 
  custom:video-decoder-webm-vp8: 9c59270c3fd7afecdb556c50c9e8de78 -> 
  custom:audio-decoder-ogg-vorbis: bf7c407c2cedff20999df2af8eb42d56 -> 
========================================================================
Received Prepare
Registering precompiled user dll's ...
Registered in 0.014323 seconds.
Begin MonoManager ReloadAssembly
Native extension for WindowsStandalone target not found
Refreshing native plugins compatible for Editor in 2.05 ms, found 3 plugins.
Preloading 0 native plugins for Editor in 0.01 ms.
[Package Manager] Server::EnsureServerProcessIsRunning -- launch failed, reason: Unity was launched with the -noUpm command-line argument
[Package Manager] Cannot connect to Unity Package Manager local server
Mono: successfully reloaded assembly
- Completed reload, in  4.204 seconds
Domain Reload Profiling:
	ReloadAssembly (4207ms)
		BeginReloadAssembly (374ms)
			ExecutionOrderSort (0ms)
			DisableScriptedObjects (12ms)
			BackupInstance (0ms)
			ReleaseScriptingObjects (0ms)
			CreateAndSetChildDomain (74ms)
		EndReloadAssembly (3609ms)
			LoadAssemblies (337ms)
			RebuildTransferFunctionScriptingTraits (0ms)
			SetupTypeCache (861ms)
			ReleaseScriptCaches (5ms)
			RebuildScriptCaches (181ms)
			SetupLoadedEditorAssemblies (2098ms)
				LogAssemblyErrors (0ms)
				InitializePlatformSupportModulesInManaged (37ms)
				SetLoadedEditorAssemblies (5ms)
				RefreshPlugins (2ms)
				BeforeProcessingInitializeOnLoad (257ms)
				ProcessInitializeOnLoadAttributes (1700ms)
				ProcessInitializeOnLoadMethodAttributes (67ms)
				AfterProcessingInitializeOnLoad (28ms)
				EditorAssembliesLoaded (1ms)
			ExecutionOrderSort2 (0ms)
			AwakeInstancesAfterBackupRestoration (43ms)
Platform modules already initialized, skipping
Refreshing native plugins compatible for Editor in 2.57 ms, found 3 plugins.
Preloading 0 native plugins for Editor in 0.00 ms.
Unloading 3090 Unused Serialized files (Serialized files now loaded: 0)
Unloading 32 unused Assets / (0.7 MB). Loaded Objects now: 3661.
Memory consumption went from 109.3 MB to 108.6 MB.
Total: 12.451800 ms (FindLiveObjects: 0.857400 ms CreateObjectMapping: 0.389100 ms MarkObjects: 10.162800 ms  DeleteObjects: 1.038900 ms)

AssetImportParameters requested are different than current active one (requested -> active):
  custom:video-decoder-ogg-theora: a1e56fd34408186e4bbccfd4996cb3dc -> 
  custom:container-muxer-webm: aa71ff27fc2769a1b78a27578f13a17b -> 
  custom:container-demuxer-webm: 4f35f7cbe854078d1ac9338744f61a02 -> 
  custom:video-encoder-webm-vp8: eb34c28f22e8b96e1ab97ce403110664 -> 
  custom:video-codec-MediaFoundation-h265: 746d11721c4dcdbdad8f713fa42b33f4 -> 
  custom:CustomObjectIndexerAttribute: bc11b3a6c3213fcdd17b65e7da85e133 -> 
  custom:audio-encoder-webm-vorbis: bf7c407c2cedff20999df2af8eb42d56 -> 
  custom:framework-win-MediaFoundation: 216162199b28c13a410421893ffa2e32 -> 
  custom:SearchIndexIgnoredProperties: e643bd26f0fe6173181afceb89e7c659 -> 
  custom:container-demuxer-ogg: 62fdf1f143b41e24485cea50d1cbac27 -> 
  custom:video-decoder-webm-vp8: 9c59270c3fd7afecdb556c50c9e8de78 -> 
  custom:audio-decoder-ogg-vorbis: bf7c407c2cedff20999df2af8eb42d56 -> 
========================================================================
Received Prepare
Registering precompiled user dll's ...
Registered in 0.024563 seconds.
Begin MonoManager ReloadAssembly
Native extension for WindowsStandalone target not found
Refreshing native plugins compatible for Editor in 1.17 ms, found 3 plugins.
Preloading 0 native plugins for Editor in 0.00 ms.
[Package Manager] Server::EnsureServerProcessIsRunning -- launch failed, reason: Unity was launched with the -noUpm command-line argument
[Package Manager] Cannot connect to Unity Package Manager local server
Mono: successfully reloaded assembly
- Completed reload, in  2.807 seconds
Domain Reload Profiling:
	ReloadAssembly (2808ms)
		BeginReloadAssembly (313ms)
			ExecutionOrderSort (0ms)
			DisableScriptedObjects (9ms)
			BackupInstance (0ms)
			ReleaseScriptingObjects (0ms)
			CreateAndSetChildDomain (71ms)
		EndReloadAssembly (2273ms)
			LoadAssemblies (228ms)
			RebuildTransferFunctionScriptingTraits (0ms)
			SetupTypeCache (497ms)
			ReleaseScriptCaches (1ms)
			RebuildScriptCaches (122ms)
			SetupLoadedEditorAssemblies (1385ms)
				LogAssemblyErrors (0ms)
				InitializePlatformSupportModulesInManaged (13ms)
				SetLoadedEditorAssemblies (1ms)
				RefreshPlugins (2ms)
				BeforeProcessingInitializeOnLoad (134ms)
				ProcessInitializeOnLoadAttributes (1176ms)
				ProcessInitializeOnLoadMethodAttributes (38ms)
				AfterProcessingInitializeOnLoad (20ms)
				EditorAssembliesLoaded (0ms)
			ExecutionOrderSort2 (0ms)
			AwakeInstancesAfterBackupRestoration (19ms)
Platform modules already initialized, skipping
Refreshing native plugins compatible for Editor in 1.18 ms, found 3 plugins.
Preloading 0 native plugins for Editor in 0.00 ms.
Unloading 3090 Unused Serialized files (Serialized files now loaded: 0)
Unloading 32 unused Assets / (0.7 MB). Loaded Objects now: 3664.
Memory consumption went from 109.3 MB to 108.7 MB.
Total: 9.040400 ms (FindLiveObjects: 0.526500 ms CreateObjectMapping: 0.458200 ms MarkObjects: 7.239100 ms  DeleteObjects: 0.813600 ms)

AssetImportParameters requested are different than current active one (requested -> active):
  custom:video-decoder-ogg-theora: a1e56fd34408186e4bbccfd4996cb3dc -> 
  custom:container-muxer-webm: aa71ff27fc2769a1b78a27578f13a17b -> 
  custom:container-demuxer-webm: 4f35f7cbe854078d1ac9338744f61a02 -> 
  custom:video-encoder-webm-vp8: eb34c28f22e8b96e1ab97ce403110664 -> 
  custom:video-codec-MediaFoundation-h265: 746d11721c4dcdbdad8f713fa42b33f4 -> 
  custom:CustomObjectIndexerAttribute: bc11b3a6c3213fcdd17b65e7da85e133 -> 
  custom:audio-encoder-webm-vorbis: bf7c407c2cedff20999df2af8eb42d56 -> 
  custom:framework-win-MediaFoundation: 216162199b28c13a410421893ffa2e32 -> 
  custom:SearchIndexIgnoredProperties: e643bd26f0fe6173181afceb89e7c659 -> 
  custom:container-demuxer-ogg: 62fdf1f143b41e24485cea50d1cbac27 -> 
  custom:video-decoder-webm-vp8: 9c59270c3fd7afecdb556c50c9e8de78 -> 
  custom:audio-decoder-ogg-vorbis: bf7c407c2cedff20999df2af8eb42d56 -> 
========================================================================
Received Prepare
Registering precompiled user dll's ...
Registered in 0.015211 seconds.
Begin MonoManager ReloadAssembly
Native extension for WindowsStandalone target not found
Refreshing native plugins compatible for Editor in 1.52 ms, found 3 plugins.
Preloading 0 native plugins for Editor in 0.00 ms.
[Package Manager] Server::EnsureServerProcessIsRunning -- launch failed, reason: Unity was launched with the -noUpm command-line argument
[Package Manager] Cannot connect to Unity Package Manager local server
Mono: successfully reloaded assembly
- Completed reload, in  3.917 seconds
Domain Reload Profiling:
	ReloadAssembly (3919ms)
		BeginReloadAssembly (310ms)
			ExecutionOrderSort (0ms)
			DisableScriptedObjects (11ms)
			BackupInstance (0ms)
			ReleaseScriptingObjects (0ms)
			CreateAndSetChildDomain (63ms)
		EndReloadAssembly (3389ms)
			LoadAssemblies (276ms)
			RebuildTransferFunctionScriptingTraits (0ms)
			SetupTypeCache (845ms)
			ReleaseScriptCaches (4ms)
			RebuildScriptCaches (127ms)
			SetupLoadedEditorAssemblies (2015ms)
				LogAssemblyErrors (0ms)
				InitializePlatformSupportModulesInManaged (18ms)
				SetLoadedEditorAssemblies (2ms)
				RefreshPlugins (2ms)
				BeforeProcessingInitializeOnLoad (184ms)
				ProcessInitializeOnLoadAttributes (1722ms)
				ProcessInitializeOnLoadMethodAttributes (59ms)
				AfterProcessingInitializeOnLoad (27ms)
				EditorAssembliesLoaded (1ms)
			ExecutionOrderSort2 (0ms)
			AwakeInstancesAfterBackupRestoration (30ms)
Platform modules already initialized, skipping
Refreshing native plugins compatible for Editor in 2.08 ms, found 3 plugins.
Preloading 0 native plugins for Editor in 0.00 ms.
Unloading 3090 Unused Serialized files (Serialized files now loaded: 0)
Unloading 32 unused Assets / (0.7 MB). Loaded Objects now: 3667.
Memory consumption went from 109.3 MB to 108.7 MB.
Total: 11.686400 ms (FindLiveObjects: 1.000200 ms CreateObjectMapping: 0.331300 ms MarkObjects: 8.881200 ms  DeleteObjects: 1.468800 ms)

AssetImportParameters requested are different than current active one (requested -> active):
  custom:video-decoder-ogg-theora: a1e56fd34408186e4bbccfd4996cb3dc -> 
  custom:container-muxer-webm: aa71ff27fc2769a1b78a27578f13a17b -> 
  custom:container-demuxer-webm: 4f35f7cbe854078d1ac9338744f61a02 -> 
  custom:video-encoder-webm-vp8: eb34c28f22e8b96e1ab97ce403110664 -> 
  custom:video-codec-MediaFoundation-h265: 746d11721c4dcdbdad8f713fa42b33f4 -> 
  custom:CustomObjectIndexerAttribute: bc11b3a6c3213fcdd17b65e7da85e133 -> 
  custom:audio-encoder-webm-vorbis: bf7c407c2cedff20999df2af8eb42d56 -> 
  custom:framework-win-MediaFoundation: 216162199b28c13a410421893ffa2e32 -> 
  custom:SearchIndexIgnoredProperties: e643bd26f0fe6173181afceb89e7c659 -> 
  custom:container-demuxer-ogg: 62fdf1f143b41e24485cea50d1cbac27 -> 
  custom:video-decoder-webm-vp8: 9c59270c3fd7afecdb556c50c9e8de78 -> 
  custom:audio-decoder-ogg-vorbis: bf7c407c2cedff20999df2af8eb42d56 -> 
========================================================================
Received Import Request.
  Time since last request: 340.907455 seconds.
  path: Assets/Script/ScoreManager.cs
  artifactKey: Guid(657d08b1702dbf54b8fa6039474ad555) Importer(815301076,1909f56bfc062723c751e8b465ee728b)
Number of updated assets reloaded before import = 0
Start importing Assets/Script/ScoreManager.cs using Guid(657d08b1702dbf54b8fa6039474ad555) Importer(815301076,1909f56bfc062723c751e8b465ee728b)  -> (artifact id: 'd1bcfbcbe79fd03fe9b345bc2bbe91d4') in 0.027256 seconds 
Number of asset objects unloaded after import = 0
========================================================================
Received Prepare
Registering precompiled user dll's ...
Registered in 0.026539 seconds.
Begin MonoManager ReloadAssembly
Native extension for WindowsStandalone target not found
Refreshing native plugins compatible for Editor in 1.13 ms, found 3 plugins.
Preloading 0 native plugins for Editor in 0.00 ms.
[Package Manager] Server::EnsureServerProcessIsRunning -- launch failed, reason: Unity was launched with the -noUpm command-line argument
[Package Manager] Cannot connect to Unity Package Manager local server
Mono: successfully reloaded assembly
- Completed reload, in  2.644 seconds
Domain Reload Profiling:
	ReloadAssembly (2645ms)
		BeginReloadAssembly (332ms)
			ExecutionOrderSort (0ms)
			DisableScriptedObjects (12ms)
			BackupInstance (0ms)
			ReleaseScriptingObjects (0ms)
			CreateAndSetChildDomain (72ms)
		EndReloadAssembly (2116ms)
			LoadAssemblies (253ms)
			RebuildTransferFunctionScriptingTraits (0ms)
			SetupTypeCache (524ms)
			ReleaseScriptCaches (2ms)
			RebuildScriptCaches (82ms)
			SetupLoadedEditorAssemblies (1276ms)
				LogAssemblyErrors (0ms)
				InitializePlatformSupportModulesInManaged (11ms)
				SetLoadedEditorAssemblies (1ms)
				RefreshPlugins (1ms)
				BeforeProcessingInitializeOnLoad (108ms)
				ProcessInitializeOnLoadAttributes (1100ms)
				ProcessInitializeOnLoadMethodAttributes (36ms)
				AfterProcessingInitializeOnLoad (18ms)
				EditorAssembliesLoaded (0ms)
			ExecutionOrderSort2 (0ms)
			AwakeInstancesAfterBackupRestoration (19ms)
Platform modules already initialized, skipping
Refreshing native plugins compatible for Editor in 1.09 ms, found 3 plugins.
Preloading 0 native plugins for Editor in 0.00 ms.
Unloading 3091 Unused Serialized files (Serialized files now loaded: 0)
Unloading 32 unused Assets / (0.7 MB). Loaded Objects now: 3671.
Memory consumption went from 109.4 MB to 108.7 MB.
Total: 7.710600 ms (FindLiveObjects: 0.466900 ms CreateObjectMapping: 0.178500 ms MarkObjects: 6.403500 ms  DeleteObjects: 0.659200 ms)

AssetImportParameters requested are different than current active one (requested -> active):
  custom:video-decoder-ogg-theora: a1e56fd34408186e4bbccfd4996cb3dc -> 
  custom:container-muxer-webm: aa71ff27fc2769a1b78a27578f13a17b -> 
  custom:container-demuxer-webm: 4f35f7cbe854078d1ac9338744f61a02 -> 
  custom:video-encoder-webm-vp8: eb34c28f22e8b96e1ab97ce403110664 -> 
  custom:video-codec-MediaFoundation-h265: 746d11721c4dcdbdad8f713fa42b33f4 -> 
  custom:CustomObjectIndexerAttribute: bc11b3a6c3213fcdd17b65e7da85e133 -> 
  custom:audio-encoder-webm-vorbis: bf7c407c2cedff20999df2af8eb42d56 -> 
  custom:framework-win-MediaFoundation: 216162199b28c13a410421893ffa2e32 -> 
  custom:SearchIndexIgnoredProperties: e643bd26f0fe6173181afceb89e7c659 -> 
  custom:container-demuxer-ogg: 62fdf1f143b41e24485cea50d1cbac27 -> 
  custom:video-decoder-webm-vp8: 9c59270c3fd7afecdb556c50c9e8de78 -> 
  custom:audio-decoder-ogg-vorbis: bf7c407c2cedff20999df2af8eb42d56 -> 
========================================================================
Received Prepare
Registering precompiled user dll's ...
Registered in 0.017967 seconds.
Begin MonoManager ReloadAssembly
Native extension for WindowsStandalone target not found
Refreshing native plugins compatible for Editor in 0.71 ms, found 3 plugins.
Preloading 0 native plugins for Editor in 0.00 ms.
[Package Manager] Server::EnsureServerProcessIsRunning -- launch failed, reason: Unity was launched with the -noUpm command-line argument
[Package Manager] Cannot connect to Unity Package Manager local server
Mono: successfully reloaded assembly
- Completed reload, in  2.913 seconds
Domain Reload Profiling:
	ReloadAssembly (2915ms)
		BeginReloadAssembly (343ms)
			ExecutionOrderSort (0ms)
			DisableScriptedObjects (11ms)
			BackupInstance (0ms)
			ReleaseScriptingObjects (0ms)
			CreateAndSetChildDomain (77ms)
		EndReloadAssembly (2392ms)
			LoadAssemblies (246ms)
			RebuildTransferFunctionScriptingTraits (0ms)
			SetupTypeCache (547ms)
			ReleaseScriptCaches (3ms)
			RebuildScriptCaches (95ms)
			SetupLoadedEditorAssemblies (1477ms)
				LogAssemblyErrors (0ms)
				InitializePlatformSupportModulesInManaged (14ms)
				SetLoadedEditorAssemblies (1ms)
				RefreshPlugins (1ms)
				BeforeProcessingInitializeOnLoad (128ms)
				ProcessInitializeOnLoadAttributes (1264ms)
				ProcessInitializeOnLoadMethodAttributes (47ms)
				AfterProcessingInitializeOnLoad (22ms)
				EditorAssembliesLoaded (0ms)
			ExecutionOrderSort2 (0ms)
			AwakeInstancesAfterBackupRestoration (21ms)
Platform modules already initialized, skipping
Refreshing native plugins compatible for Editor in 0.65 ms, found 3 plugins.
Preloading 0 native plugins for Editor in 0.00 ms.
Unloading 3091 Unused Serialized files (Serialized files now loaded: 0)
Unloading 32 unused Assets / (0.7 MB). Loaded Objects now: 3674.
Memory consumption went from 109.4 MB to 108.7 MB.
Total: 6.884100 ms (FindLiveObjects: 0.481300 ms CreateObjectMapping: 0.595400 ms MarkObjects: 5.193200 ms  DeleteObjects: 0.612600 ms)

AssetImportParameters requested are different than current active one (requested -> active):
  custom:video-decoder-ogg-theora: a1e56fd34408186e4bbccfd4996cb3dc -> 
  custom:container-muxer-webm: aa71ff27fc2769a1b78a27578f13a17b -> 
  custom:container-demuxer-webm: 4f35f7cbe854078d1ac9338744f61a02 -> 
  custom:video-encoder-webm-vp8: eb34c28f22e8b96e1ab97ce403110664 -> 
  custom:video-codec-MediaFoundation-h265: 746d11721c4dcdbdad8f713fa42b33f4 -> 
  custom:CustomObjectIndexerAttribute: bc11b3a6c3213fcdd17b65e7da85e133 -> 
  custom:audio-encoder-webm-vorbis: bf7c407c2cedff20999df2af8eb42d56 -> 
  custom:framework-win-MediaFoundation: 216162199b28c13a410421893ffa2e32 -> 
  custom:SearchIndexIgnoredProperties: e643bd26f0fe6173181afceb89e7c659 -> 
  custom:container-demuxer-ogg: 62fdf1f143b41e24485cea50d1cbac27 -> 
  custom:video-decoder-webm-vp8: 9c59270c3fd7afecdb556c50c9e8de78 -> 
  custom:audio-decoder-ogg-vorbis: bf7c407c2cedff20999df2af8eb42d56 -> 
========================================================================
Received Prepare
Registering precompiled user dll's ...
Registered in 0.023129 seconds.
Begin MonoManager ReloadAssembly
Native extension for WindowsStandalone target not found
Refreshing native plugins compatible for Editor in 0.96 ms, found 3 plugins.
Preloading 0 native plugins for Editor in 0.00 ms.
[Package Manager] Server::EnsureServerProcessIsRunning -- launch failed, reason: Unity was launched with the -noUpm command-line argument
[Package Manager] Cannot connect to Unity Package Manager local server
Mono: successfully reloaded assembly
- Completed reload, in  2.412 seconds
Domain Reload Profiling:
	ReloadAssembly (2414ms)
		BeginReloadAssembly (297ms)
			ExecutionOrderSort (0ms)
			DisableScriptedObjects (14ms)
			BackupInstance (0ms)
			ReleaseScriptingObjects (0ms)
			CreateAndSetChildDomain (74ms)
		EndReloadAssembly (1943ms)
			LoadAssemblies (197ms)
			RebuildTransferFunctionScriptingTraits (0ms)
			SetupTypeCache (460ms)
			ReleaseScriptCaches (2ms)
			RebuildScriptCaches (72ms)
			SetupLoadedEditorAssemblies (1203ms)
				LogAssemblyErrors (0ms)
				InitializePlatformSupportModulesInManaged (9ms)
				SetLoadedEditorAssemblies (1ms)
				RefreshPlugins (1ms)
				BeforeProcessingInitializeOnLoad (93ms)
				ProcessInitializeOnLoadAttributes (1045ms)
				ProcessInitializeOnLoadMethodAttributes (35ms)
				AfterProcessingInitializeOnLoad (19ms)
				EditorAssembliesLoaded (0ms)
			ExecutionOrderSort2 (0ms)
			AwakeInstancesAfterBackupRestoration (18ms)
Platform modules already initialized, skipping
Refreshing native plugins compatible for Editor in 0.87 ms, found 3 plugins.
Preloading 0 native plugins for Editor in 0.00 ms.
Unloading 3091 Unused Serialized files (Serialized files now loaded: 0)
Unloading 32 unused Assets / (0.7 MB). Loaded Objects now: 3677.
Memory consumption went from 109.4 MB to 108.7 MB.
Total: 9.205200 ms (FindLiveObjects: 0.699900 ms CreateObjectMapping: 0.446700 ms MarkObjects: 7.477700 ms  DeleteObjects: 0.578500 ms)

AssetImportParameters requested are different than current active one (requested -> active):
  custom:video-decoder-ogg-theora: a1e56fd34408186e4bbccfd4996cb3dc -> 
  custom:container-muxer-webm: aa71ff27fc2769a1b78a27578f13a17b -> 
  custom:container-demuxer-webm: 4f35f7cbe854078d1ac9338744f61a02 -> 
  custom:video-encoder-webm-vp8: eb34c28f22e8b96e1ab97ce403110664 -> 
  custom:video-codec-MediaFoundation-h265: 746d11721c4dcdbdad8f713fa42b33f4 -> 
  custom:CustomObjectIndexerAttribute: bc11b3a6c3213fcdd17b65e7da85e133 -> 
  custom:audio-encoder-webm-vorbis: bf7c407c2cedff20999df2af8eb42d56 -> 
  custom:framework-win-MediaFoundation: 216162199b28c13a410421893ffa2e32 -> 
  custom:SearchIndexIgnoredProperties: e643bd26f0fe6173181afceb89e7c659 -> 
  custom:container-demuxer-ogg: 62fdf1f143b41e24485cea50d1cbac27 -> 
  custom:video-decoder-webm-vp8: 9c59270c3fd7afecdb556c50c9e8de78 -> 
  custom:audio-decoder-ogg-vorbis: bf7c407c2cedff20999df2af8eb42d56 -> 
========================================================================
Received Prepare
Registering precompiled user dll's ...
Registered in 0.018072 seconds.
Begin MonoManager ReloadAssembly
Native extension for WindowsStandalone target not found
Refreshing native plugins compatible for Editor in 1.93 ms, found 3 plugins.
Preloading 0 native plugins for Editor in 0.00 ms.
[Package Manager] Server::EnsureServerProcessIsRunning -- launch failed, reason: Unity was launched with the -noUpm command-line argument
[Package Manager] Cannot connect to Unity Package Manager local server
Mono: successfully reloaded assembly
- Completed reload, in  4.067 seconds
Domain Reload Profiling:
	ReloadAssembly (4071ms)
		BeginReloadAssembly (325ms)
			ExecutionOrderSort (0ms)
			DisableScriptedObjects (15ms)
			BackupInstance (0ms)
			ReleaseScriptingObjects (0ms)
			CreateAndSetChildDomain (66ms)
		EndReloadAssembly (3530ms)
			LoadAssemblies (239ms)
			RebuildTransferFunctionScriptingTraits (0ms)
			SetupTypeCache (832ms)
			ReleaseScriptCaches (3ms)
			RebuildScriptCaches (173ms)
			SetupLoadedEditorAssemblies (2027ms)
				LogAssemblyErrors (0ms)
				InitializePlatformSupportModulesInManaged (13ms)
				SetLoadedEditorAssemblies (1ms)
				RefreshPlugins (2ms)
				BeforeProcessingInitializeOnLoad (165ms)
				ProcessInitializeOnLoadAttributes (1734ms)
				ProcessInitializeOnLoadMethodAttributes (81ms)
				AfterProcessingInitializeOnLoad (29ms)
				EditorAssembliesLoaded (1ms)
			ExecutionOrderSort2 (0ms)
			AwakeInstancesAfterBackupRestoration (38ms)
Platform modules already initialized, skipping
Refreshing native plugins compatible for Editor in 1.62 ms, found 3 plugins.
Preloading 0 native plugins for Editor in 0.00 ms.
Unloading 3091 Unused Serialized files (Serialized files now loaded: 0)
Unloading 32 unused Assets / (0.7 MB). Loaded Objects now: 3680.
Memory consumption went from 109.4 MB to 108.7 MB.
Total: 7.849100 ms (FindLiveObjects: 0.704600 ms CreateObjectMapping: 0.336200 ms MarkObjects: 6.065700 ms  DeleteObjects: 0.739100 ms)

AssetImportParameters requested are different than current active one (requested -> active):
  custom:video-decoder-ogg-theora: a1e56fd34408186e4bbccfd4996cb3dc -> 
  custom:container-muxer-webm: aa71ff27fc2769a1b78a27578f13a17b -> 
  custom:container-demuxer-webm: 4f35f7cbe854078d1ac9338744f61a02 -> 
  custom:video-encoder-webm-vp8: eb34c28f22e8b96e1ab97ce403110664 -> 
  custom:video-codec-MediaFoundation-h265: 746d11721c4dcdbdad8f713fa42b33f4 -> 
  custom:CustomObjectIndexerAttribute: bc11b3a6c3213fcdd17b65e7da85e133 -> 
  custom:audio-encoder-webm-vorbis: bf7c407c2cedff20999df2af8eb42d56 -> 
  custom:framework-win-MediaFoundation: 216162199b28c13a410421893ffa2e32 -> 
  custom:SearchIndexIgnoredProperties: e643bd26f0fe6173181afceb89e7c659 -> 
  custom:container-demuxer-ogg: 62fdf1f143b41e24485cea50d1cbac27 -> 
  custom:video-decoder-webm-vp8: 9c59270c3fd7afecdb556c50c9e8de78 -> 
  custom:audio-decoder-ogg-vorbis: bf7c407c2cedff20999df2af8eb42d56 -> 
========================================================================
Received Prepare
Registering precompiled user dll's ...
Registered in 0.017463 seconds.
Begin MonoManager ReloadAssembly
Native extension for WindowsStandalone target not found
Refreshing native plugins compatible for Editor in 1.65 ms, found 3 plugins.
Preloading 0 native plugins for Editor in 0.00 ms.
[Package Manager] Server::EnsureServerProcessIsRunning -- launch failed, reason: Unity was launched with the -noUpm command-line argument
[Package Manager] Cannot connect to Unity Package Manager local server
Mono: successfully reloaded assembly
- Completed reload, in  4.148 seconds
Domain Reload Profiling:
	ReloadAssembly (4151ms)
		BeginReloadAssembly (324ms)
			ExecutionOrderSort (0ms)
			DisableScriptedObjects (9ms)
			BackupInstance (0ms)
			ReleaseScriptingObjects (0ms)
			CreateAndSetChildDomain (62ms)
		EndReloadAssembly (3541ms)
			LoadAssemblies (302ms)
			RebuildTransferFunctionScriptingTraits (0ms)
			SetupTypeCache (836ms)
			ReleaseScriptCaches (4ms)
			RebuildScriptCaches (140ms)
			SetupLoadedEditorAssemblies (2107ms)
				LogAssemblyErrors (0ms)
				InitializePlatformSupportModulesInManaged (19ms)
				SetLoadedEditorAssemblies (1ms)
				RefreshPlugins (2ms)
				BeforeProcessingInitializeOnLoad (173ms)
				ProcessInitializeOnLoadAttributes (1768ms)
				ProcessInitializeOnLoadMethodAttributes (104ms)
				AfterProcessingInitializeOnLoad (38ms)
				EditorAssembliesLoaded (1ms)
			ExecutionOrderSort2 (0ms)
			AwakeInstancesAfterBackupRestoration (37ms)
Platform modules already initialized, skipping
Refreshing native plugins compatible for Editor in 0.91 ms, found 3 plugins.
Preloading 0 native plugins for Editor in 0.00 ms.
Unloading 3091 Unused Serialized files (Serialized files now loaded: 0)
Unloading 32 unused Assets / (0.7 MB). Loaded Objects now: 3683.
Memory consumption went from 109.4 MB to 108.7 MB.
Total: 12.602100 ms (FindLiveObjects: 1.008600 ms CreateObjectMapping: 1.212600 ms MarkObjects: 9.419100 ms  DeleteObjects: 0.958300 ms)

AssetImportParameters requested are different than current active one (requested -> active):
  custom:video-decoder-ogg-theora: a1e56fd34408186e4bbccfd4996cb3dc -> 
  custom:container-muxer-webm: aa71ff27fc2769a1b78a27578f13a17b -> 
  custom:container-demuxer-webm: 4f35f7cbe854078d1ac9338744f61a02 -> 
  custom:video-encoder-webm-vp8: eb34c28f22e8b96e1ab97ce403110664 -> 
  custom:video-codec-MediaFoundation-h265: 746d11721c4dcdbdad8f713fa42b33f4 -> 
  custom:CustomObjectIndexerAttribute: bc11b3a6c3213fcdd17b65e7da85e133 -> 
  custom:audio-encoder-webm-vorbis: bf7c407c2cedff20999df2af8eb42d56 -> 
  custom:framework-win-MediaFoundation: 216162199b28c13a410421893ffa2e32 -> 
  custom:SearchIndexIgnoredProperties: e643bd26f0fe6173181afceb89e7c659 -> 
  custom:container-demuxer-ogg: 62fdf1f143b41e24485cea50d1cbac27 -> 
  custom:video-decoder-webm-vp8: 9c59270c3fd7afecdb556c50c9e8de78 -> 
  custom:audio-decoder-ogg-vorbis: bf7c407c2cedff20999df2af8eb42d56 -> 
========================================================================
Received Import Request.
  Time since last request: 337.712499 seconds.
  path: Assets/Script/TrashHolder.cs
  artifactKey: Guid(76b5c54da98a6d648aa00f340174f77e) Importer(815301076,1909f56bfc062723c751e8b465ee728b)
Number of updated assets reloaded before import = 0
Start importing Assets/Script/TrashHolder.cs using Guid(76b5c54da98a6d648aa00f340174f77e) Importer(815301076,1909f56bfc062723c751e8b465ee728b)  -> (artifact id: '5e0b71ba59528d139a6d9985694babb2') in 0.029639 seconds 
Number of asset objects unloaded after import = 0
========================================================================
Received Prepare
Registering precompiled user dll's ...
Registered in 0.023054 seconds.
Begin MonoManager ReloadAssembly
Native extension for WindowsStandalone target not found
Refreshing native plugins compatible for Editor in 0.78 ms, found 3 plugins.
Preloading 0 native plugins for Editor in 0.00 ms.
[Package Manager] Server::EnsureServerProcessIsRunning -- launch failed, reason: Unity was launched with the -noUpm command-line argument
[Package Manager] Cannot connect to Unity Package Manager local server
Mono: successfully reloaded assembly
- Completed reload, in  2.236 seconds
Domain Reload Profiling:
	ReloadAssembly (2237ms)
		BeginReloadAssembly (308ms)
			ExecutionOrderSort (0ms)
			DisableScriptedObjects (8ms)
			BackupInstance (0ms)
			ReleaseScriptingObjects (0ms)
			CreateAndSetChildDomain (64ms)
		EndReloadAssembly (1765ms)
			LoadAssemblies (229ms)
			RebuildTransferFunctionScriptingTraits (0ms)
			SetupTypeCache (377ms)
			ReleaseScriptCaches (1ms)
			RebuildScriptCaches (56ms)
			SetupLoadedEditorAssemblies (1130ms)
				LogAssemblyErrors (0ms)
				InitializePlatformSupportModulesInManaged (10ms)
				SetLoadedEditorAssemblies (1ms)
				RefreshPlugins (1ms)
				BeforeProcessingInitializeOnLoad (94ms)
				ProcessInitializeOnLoadAttributes (983ms)
				ProcessInitializeOnLoadMethodAttributes (27ms)
				AfterProcessingInitializeOnLoad (13ms)
				EditorAssembliesLoaded (0ms)
			ExecutionOrderSort2 (0ms)
			AwakeInstancesAfterBackupRestoration (13ms)
Platform modules already initialized, skipping
Refreshing native plugins compatible for Editor in 0.78 ms, found 3 plugins.
Preloading 0 native plugins for Editor in 0.00 ms.
Unloading 3092 Unused Serialized files (Serialized files now loaded: 0)
Unloading 32 unused Assets / (0.7 MB). Loaded Objects now: 3687.
Memory consumption went from 109.4 MB to 108.8 MB.
Total: 5.876800 ms (FindLiveObjects: 0.454500 ms CreateObjectMapping: 0.179800 ms MarkObjects: 4.390900 ms  DeleteObjects: 0.849000 ms)

AssetImportParameters requested are different than current active one (requested -> active):
  custom:video-decoder-ogg-theora: a1e56fd34408186e4bbccfd4996cb3dc -> 
  custom:container-muxer-webm: aa71ff27fc2769a1b78a27578f13a17b -> 
  custom:container-demuxer-webm: 4f35f7cbe854078d1ac9338744f61a02 -> 
  custom:video-encoder-webm-vp8: eb34c28f22e8b96e1ab97ce403110664 -> 
  custom:video-codec-MediaFoundation-h265: 746d11721c4dcdbdad8f713fa42b33f4 -> 
  custom:CustomObjectIndexerAttribute: bc11b3a6c3213fcdd17b65e7da85e133 -> 
  custom:audio-encoder-webm-vorbis: bf7c407c2cedff20999df2af8eb42d56 -> 
  custom:framework-win-MediaFoundation: 216162199b28c13a410421893ffa2e32 -> 
  custom:SearchIndexIgnoredProperties: e643bd26f0fe6173181afceb89e7c659 -> 
  custom:container-demuxer-ogg: 62fdf1f143b41e24485cea50d1cbac27 -> 
  custom:video-decoder-webm-vp8: 9c59270c3fd7afecdb556c50c9e8de78 -> 
  custom:audio-decoder-ogg-vorbis: bf7c407c2cedff20999df2af8eb42d56 -> 
========================================================================
Received Prepare
Registering precompiled user dll's ...
Registered in 0.013720 seconds.
Begin MonoManager ReloadAssembly
Native extension for WindowsStandalone target not found
Refreshing native plugins compatible for Editor in 1.30 ms, found 3 plugins.
Preloading 0 native plugins for Editor in 0.00 ms.
[Package Manager] Server::EnsureServerProcessIsRunning -- launch failed, reason: Unity was launched with the -noUpm command-line argument
[Package Manager] Cannot connect to Unity Package Manager local server
Mono: successfully reloaded assembly
- Completed reload, in  3.913 seconds
Domain Reload Profiling:
	ReloadAssembly (3916ms)
		BeginReloadAssembly (317ms)
			ExecutionOrderSort (0ms)
			DisableScriptedObjects (16ms)
			BackupInstance (0ms)
			ReleaseScriptingObjects (0ms)
			CreateAndSetChildDomain (57ms)
		EndReloadAssembly (3373ms)
			LoadAssemblies (281ms)
			RebuildTransferFunctionScriptingTraits (0ms)
			SetupTypeCache (835ms)
			ReleaseScriptCaches (3ms)
			RebuildScriptCaches (99ms)
			SetupLoadedEditorAssemblies (2029ms)
				LogAssemblyErrors (0ms)
				InitializePlatformSupportModulesInManaged (19ms)
				SetLoadedEditorAssemblies (1ms)
				RefreshPlugins (2ms)
				BeforeProcessingInitializeOnLoad (188ms)
				ProcessInitializeOnLoadAttributes (1714ms)
				ProcessInitializeOnLoadMethodAttributes (77ms)
				AfterProcessingInitializeOnLoad (26ms)
				EditorAssembliesLoaded (0ms)
			ExecutionOrderSort2 (0ms)
			AwakeInstancesAfterBackupRestoration (31ms)
Platform modules already initialized, skipping
Refreshing native plugins compatible for Editor in 1.22 ms, found 3 plugins.
Preloading 0 native plugins for Editor in 0.00 ms.
Unloading 3092 Unused Serialized files (Serialized files now loaded: 0)
Unloading 32 unused Assets / (0.7 MB). Loaded Objects now: 3690.
Memory consumption went from 109.4 MB to 108.8 MB.
Total: 11.348200 ms (FindLiveObjects: 1.080000 ms CreateObjectMapping: 0.941200 ms MarkObjects: 8.508700 ms  DeleteObjects: 0.814700 ms)

AssetImportParameters requested are different than current active one (requested -> active):
  custom:video-decoder-ogg-theora: a1e56fd34408186e4bbccfd4996cb3dc -> 
  custom:container-muxer-webm: aa71ff27fc2769a1b78a27578f13a17b -> 
  custom:container-demuxer-webm: 4f35f7cbe854078d1ac9338744f61a02 -> 
  custom:video-encoder-webm-vp8: eb34c28f22e8b96e1ab97ce403110664 -> 
  custom:video-codec-MediaFoundation-h265: 746d11721c4dcdbdad8f713fa42b33f4 -> 
  custom:CustomObjectIndexerAttribute: bc11b3a6c3213fcdd17b65e7da85e133 -> 
  custom:audio-encoder-webm-vorbis: bf7c407c2cedff20999df2af8eb42d56 -> 
  custom:framework-win-MediaFoundation: 216162199b28c13a410421893ffa2e32 -> 
  custom:SearchIndexIgnoredProperties: e643bd26f0fe6173181afceb89e7c659 -> 
  custom:container-demuxer-ogg: 62fdf1f143b41e24485cea50d1cbac27 -> 
  custom:video-decoder-webm-vp8: 9c59270c3fd7afecdb556c50c9e8de78 -> 
  custom:audio-decoder-ogg-vorbis: bf7c407c2cedff20999df2af8eb42d56 -> 
========================================================================
Received Prepare
Registering precompiled user dll's ...
Registered in 0.019387 seconds.
Begin MonoManager ReloadAssembly
Native extension for WindowsStandalone target not found
Refreshing native plugins compatible for Editor in 2.25 ms, found 3 plugins.
Preloading 0 native plugins for Editor in 0.00 ms.
[Package Manager] Server::EnsureServerProcessIsRunning -- launch failed, reason: Unity was launched with the -noUpm command-line argument
[Package Manager] Cannot connect to Unity Package Manager local server
Mono: successfully reloaded assembly
- Completed reload, in  4.046 seconds
Domain Reload Profiling:
	ReloadAssembly (4048ms)
		BeginReloadAssembly (328ms)
			ExecutionOrderSort (0ms)
			DisableScriptedObjects (12ms)
			BackupInstance (0ms)
			ReleaseScriptingObjects (0ms)
			CreateAndSetChildDomain (67ms)
		EndReloadAssembly (3430ms)
			LoadAssemblies (291ms)
			RebuildTransferFunctionScriptingTraits (0ms)
			SetupTypeCache (809ms)
			ReleaseScriptCaches (3ms)
			RebuildScriptCaches (133ms)
			SetupLoadedEditorAssemblies (2064ms)
				LogAssemblyErrors (0ms)
				InitializePlatformSupportModulesInManaged (20ms)
				SetLoadedEditorAssemblies (1ms)
				RefreshPlugins (3ms)
				BeforeProcessingInitializeOnLoad (182ms)
				ProcessInitializeOnLoadAttributes (1749ms)
				ProcessInitializeOnLoadMethodAttributes (78ms)
				AfterProcessingInitializeOnLoad (32ms)
				EditorAssembliesLoaded (1ms)
			ExecutionOrderSort2 (0ms)
			AwakeInstancesAfterBackupRestoration (33ms)
Platform modules already initialized, skipping
Refreshing native plugins compatible for Editor in 2.94 ms, found 3 plugins.
Preloading 0 native plugins for Editor in 0.00 ms.
Unloading 3092 Unused Serialized files (Serialized files now loaded: 0)
Unloading 32 unused Assets / (0.7 MB). Loaded Objects now: 3693.
Memory consumption went from 109.5 MB to 108.8 MB.
Total: 12.805400 ms (FindLiveObjects: 1.230400 ms CreateObjectMapping: 1.069600 ms MarkObjects: 9.194000 ms  DeleteObjects: 1.306800 ms)

AssetImportParameters requested are different than current active one (requested -> active):
  custom:video-decoder-ogg-theora: a1e56fd34408186e4bbccfd4996cb3dc -> 
  custom:container-muxer-webm: aa71ff27fc2769a1b78a27578f13a17b -> 
  custom:container-demuxer-webm: 4f35f7cbe854078d1ac9338744f61a02 -> 
  custom:video-encoder-webm-vp8: eb34c28f22e8b96e1ab97ce403110664 -> 
  custom:video-codec-MediaFoundation-h265: 746d11721c4dcdbdad8f713fa42b33f4 -> 
  custom:CustomObjectIndexerAttribute: bc11b3a6c3213fcdd17b65e7da85e133 -> 
  custom:audio-encoder-webm-vorbis: bf7c407c2cedff20999df2af8eb42d56 -> 
  custom:framework-win-MediaFoundation: 216162199b28c13a410421893ffa2e32 -> 
  custom:SearchIndexIgnoredProperties: e643bd26f0fe6173181afceb89e7c659 -> 
  custom:container-demuxer-ogg: 62fdf1f143b41e24485cea50d1cbac27 -> 
  custom:video-decoder-webm-vp8: 9c59270c3fd7afecdb556c50c9e8de78 -> 
  custom:audio-decoder-ogg-vorbis: bf7c407c2cedff20999df2af8eb42d56 -> 
========================================================================
Received Prepare
Registering precompiled user dll's ...
Registered in 0.019653 seconds.
Begin MonoManager ReloadAssembly
Native extension for WindowsStandalone target not found
Refreshing native plugins compatible for Editor in 1.55 ms, found 3 plugins.
Preloading 0 native plugins for Editor in 0.00 ms.
[Package Manager] Server::EnsureServerProcessIsRunning -- launch failed, reason: Unity was launched with the -noUpm command-line argument
[Package Manager] Cannot connect to Unity Package Manager local server
Mono: successfully reloaded assembly
- Completed reload, in  4.069 seconds
Domain Reload Profiling:
	ReloadAssembly (4071ms)
		BeginReloadAssembly (303ms)
			ExecutionOrderSort (0ms)
			DisableScriptedObjects (9ms)
			BackupInstance (0ms)
			ReleaseScriptingObjects (0ms)
			CreateAndSetChildDomain (60ms)
		EndReloadAssembly (3472ms)
			LoadAssemblies (286ms)
			RebuildTransferFunctionScriptingTraits (0ms)
			SetupTypeCache (834ms)
			ReleaseScriptCaches (3ms)
			RebuildScriptCaches (130ms)
			SetupLoadedEditorAssemblies (2090ms)
				LogAssemblyErrors (0ms)
				InitializePlatformSupportModulesInManaged (22ms)
				SetLoadedEditorAssemblies (2ms)
				RefreshPlugins (2ms)
				BeforeProcessingInitializeOnLoad (184ms)
				ProcessInitializeOnLoadAttributes (1782ms)
				ProcessInitializeOnLoadMethodAttributes (69ms)
				AfterProcessingInitializeOnLoad (29ms)
				EditorAssembliesLoaded (1ms)
			ExecutionOrderSort2 (0ms)
			AwakeInstancesAfterBackupRestoration (37ms)
Platform modules already initialized, skipping
Refreshing native plugins compatible for Editor in 1.34 ms, found 3 plugins.
Preloading 0 native plugins for Editor in 0.00 ms.
Unloading 3092 Unused Serialized files (Serialized files now loaded: 0)
Unloading 32 unused Assets / (0.7 MB). Loaded Objects now: 3696.
Memory consumption went from 109.5 MB to 108.8 MB.
Total: 10.831400 ms (FindLiveObjects: 0.801700 ms CreateObjectMapping: 0.391600 ms MarkObjects: 8.534700 ms  DeleteObjects: 1.100000 ms)

AssetImportParameters requested are different than current active one (requested -> active):
  custom:video-decoder-ogg-theora: a1e56fd34408186e4bbccfd4996cb3dc -> 
  custom:container-muxer-webm: aa71ff27fc2769a1b78a27578f13a17b -> 
  custom:container-demuxer-webm: 4f35f7cbe854078d1ac9338744f61a02 -> 
  custom:video-encoder-webm-vp8: eb34c28f22e8b96e1ab97ce403110664 -> 
  custom:video-codec-MediaFoundation-h265: 746d11721c4dcdbdad8f713fa42b33f4 -> 
  custom:CustomObjectIndexerAttribute: bc11b3a6c3213fcdd17b65e7da85e133 -> 
  custom:audio-encoder-webm-vorbis: bf7c407c2cedff20999df2af8eb42d56 -> 
  custom:framework-win-MediaFoundation: 216162199b28c13a410421893ffa2e32 -> 
  custom:SearchIndexIgnoredProperties: e643bd26f0fe6173181afceb89e7c659 -> 
  custom:container-demuxer-ogg: 62fdf1f143b41e24485cea50d1cbac27 -> 
  custom:video-decoder-webm-vp8: 9c59270c3fd7afecdb556c50c9e8de78 -> 
  custom:audio-decoder-ogg-vorbis: bf7c407c2cedff20999df2af8eb42d56 -> 
========================================================================
Received Prepare
Registering precompiled user dll's ...
Registered in 0.022646 seconds.
Begin MonoManager ReloadAssembly
Native extension for WindowsStandalone target not found
Refreshing native plugins compatible for Editor in 0.58 ms, found 3 plugins.
Preloading 0 native plugins for Editor in 0.00 ms.
[Package Manager] Server::EnsureServerProcessIsRunning -- launch failed, reason: Unity was launched with the -noUpm command-line argument
[Package Manager] Cannot connect to Unity Package Manager local server
Mono: successfully reloaded assembly
- Completed reload, in  2.666 seconds
Domain Reload Profiling:
	ReloadAssembly (2667ms)
		BeginReloadAssembly (283ms)
			ExecutionOrderSort (0ms)
			DisableScriptedObjects (8ms)
			BackupInstance (0ms)
			ReleaseScriptingObjects (0ms)
			CreateAndSetChildDomain (53ms)
		EndReloadAssembly (2192ms)
			LoadAssemblies (223ms)
			RebuildTransferFunctionScriptingTraits (0ms)
			SetupTypeCache (533ms)
			ReleaseScriptCaches (2ms)
			RebuildScriptCaches (100ms)
			SetupLoadedEditorAssemblies (1332ms)
				LogAssemblyErrors (0ms)
				InitializePlatformSupportModulesInManaged (8ms)
				SetLoadedEditorAssemblies (1ms)
				RefreshPlugins (1ms)
				BeforeProcessingInitializeOnLoad (113ms)
				ProcessInitializeOnLoadAttributes (1141ms)
				ProcessInitializeOnLoadMethodAttributes (50ms)
				AfterProcessingInitializeOnLoad (18ms)
				EditorAssembliesLoaded (0ms)
			ExecutionOrderSort2 (0ms)
			AwakeInstancesAfterBackupRestoration (16ms)
Platform modules already initialized, skipping
Refreshing native plugins compatible for Editor in 0.69 ms, found 3 plugins.
Preloading 0 native plugins for Editor in 0.00 ms.
Unloading 3091 Unused Serialized files (Serialized files now loaded: 0)
Unloading 33 unused Assets / (0.7 MB). Loaded Objects now: 3698.
Memory consumption went from 109.4 MB to 108.8 MB.
Total: 6.079100 ms (FindLiveObjects: 0.547700 ms CreateObjectMapping: 0.316600 ms MarkObjects: 4.676700 ms  DeleteObjects: 0.535500 ms)

AssetImportParameters requested are different than current active one (requested -> active):
  custom:video-decoder-ogg-theora: a1e56fd34408186e4bbccfd4996cb3dc -> 
  custom:container-muxer-webm: aa71ff27fc2769a1b78a27578f13a17b -> 
  custom:container-demuxer-webm: 4f35f7cbe854078d1ac9338744f61a02 -> 
  custom:video-encoder-webm-vp8: eb34c28f22e8b96e1ab97ce403110664 -> 
  custom:video-codec-MediaFoundation-h265: 746d11721c4dcdbdad8f713fa42b33f4 -> 
  custom:CustomObjectIndexerAttribute: bc11b3a6c3213fcdd17b65e7da85e133 -> 
  custom:audio-encoder-webm-vorbis: bf7c407c2cedff20999df2af8eb42d56 -> 
  custom:framework-win-MediaFoundation: 216162199b28c13a410421893ffa2e32 -> 
  custom:SearchIndexIgnoredProperties: e643bd26f0fe6173181afceb89e7c659 -> 
  custom:container-demuxer-ogg: 62fdf1f143b41e24485cea50d1cbac27 -> 
  custom:video-decoder-webm-vp8: 9c59270c3fd7afecdb556c50c9e8de78 -> 
  custom:audio-decoder-ogg-vorbis: bf7c407c2cedff20999df2af8eb42d56 -> 
========================================================================
Received Prepare
Registering precompiled user dll's ...
Registered in 0.025549 seconds.
Begin MonoManager ReloadAssembly
Native extension for WindowsStandalone target not found
Refreshing native plugins compatible for Editor in 2.22 ms, found 3 plugins.
Preloading 0 native plugins for Editor in 0.00 ms.
[Package Manager] Server::EnsureServerProcessIsRunning -- launch failed, reason: Unity was launched with the -noUpm command-line argument
[Package Manager] Cannot connect to Unity Package Manager local server
Mono: successfully reloaded assembly
- Completed reload, in  4.080 seconds
Domain Reload Profiling:
	ReloadAssembly (4082ms)
		BeginReloadAssembly (313ms)
			ExecutionOrderSort (0ms)
			DisableScriptedObjects (8ms)
			BackupInstance (0ms)
			ReleaseScriptingObjects (0ms)
			CreateAndSetChildDomain (56ms)
		EndReloadAssembly (3564ms)
			LoadAssemblies (315ms)
			RebuildTransferFunctionScriptingTraits (0ms)
			SetupTypeCache (874ms)
			ReleaseScriptCaches (4ms)
			RebuildScriptCaches (151ms)
			SetupLoadedEditorAssemblies (2091ms)
				LogAssemblyErrors (0ms)
				InitializePlatformSupportModulesInManaged (22ms)
				SetLoadedEditorAssemblies (1ms)
				RefreshPlugins (3ms)
				BeforeProcessingInitializeOnLoad (190ms)
				ProcessInitializeOnLoadAttributes (1789ms)
				ProcessInitializeOnLoadMethodAttributes (57ms)
				AfterProcessingInitializeOnLoad (30ms)
				EditorAssembliesLoaded (0ms)
			ExecutionOrderSort2 (0ms)
			AwakeInstancesAfterBackupRestoration (38ms)
Platform modules already initialized, skipping
Refreshing native plugins compatible for Editor in 2.11 ms, found 3 plugins.
Preloading 0 native plugins for Editor in 0.00 ms.
Unloading 3091 Unused Serialized files (Serialized files now loaded: 0)
Unloading 32 unused Assets / (0.7 MB). Loaded Objects now: 3701.
Memory consumption went from 109.5 MB to 108.8 MB.
Total: 12.491600 ms (FindLiveObjects: 0.840000 ms CreateObjectMapping: 0.532900 ms MarkObjects: 9.626600 ms  DeleteObjects: 1.486500 ms)

AssetImportParameters requested are different than current active one (requested -> active):
  custom:video-decoder-ogg-theora: a1e56fd34408186e4bbccfd4996cb3dc -> 
  custom:container-muxer-webm: aa71ff27fc2769a1b78a27578f13a17b -> 
  custom:container-demuxer-webm: 4f35f7cbe854078d1ac9338744f61a02 -> 
  custom:video-encoder-webm-vp8: eb34c28f22e8b96e1ab97ce403110664 -> 
  custom:video-codec-MediaFoundation-h265: 746d11721c4dcdbdad8f713fa42b33f4 -> 
  custom:CustomObjectIndexerAttribute: bc11b3a6c3213fcdd17b65e7da85e133 -> 
  custom:audio-encoder-webm-vorbis: bf7c407c2cedff20999df2af8eb42d56 -> 
  custom:framework-win-MediaFoundation: 216162199b28c13a410421893ffa2e32 -> 
  custom:SearchIndexIgnoredProperties: e643bd26f0fe6173181afceb89e7c659 -> 
  custom:container-demuxer-ogg: 62fdf1f143b41e24485cea50d1cbac27 -> 
  custom:video-decoder-webm-vp8: 9c59270c3fd7afecdb556c50c9e8de78 -> 
  custom:audio-decoder-ogg-vorbis: bf7c407c2cedff20999df2af8eb42d56 -> 
========================================================================
Received Prepare
Registering precompiled user dll's ...
Registered in 0.017272 seconds.
Begin MonoManager ReloadAssembly
Native extension for WindowsStandalone target not found
Refreshing native plugins compatible for Editor in 1.02 ms, found 3 plugins.
Preloading 0 native plugins for Editor in 0.00 ms.
[Package Manager] Server::EnsureServerProcessIsRunning -- launch failed, reason: Unity was launched with the -noUpm command-line argument
[Package Manager] Cannot connect to Unity Package Manager local server
Mono: successfully reloaded assembly
- Completed reload, in  3.882 seconds
Domain Reload Profiling:
	ReloadAssembly (3884ms)
		BeginReloadAssembly (354ms)
			ExecutionOrderSort (0ms)
			DisableScriptedObjects (29ms)
			BackupInstance (0ms)
			ReleaseScriptingObjects (0ms)
			CreateAndSetChildDomain (61ms)
		EndReloadAssembly (3231ms)
			LoadAssemblies (309ms)
			RebuildTransferFunctionScriptingTraits (0ms)
			SetupTypeCache (933ms)
			ReleaseScriptCaches (2ms)
			RebuildScriptCaches (130ms)
			SetupLoadedEditorAssemblies (1822ms)
				LogAssemblyErrors (0ms)
				InitializePlatformSupportModulesInManaged (15ms)
				SetLoadedEditorAssemblies (1ms)
				RefreshPlugins (1ms)
				BeforeProcessingInitializeOnLoad (144ms)
				ProcessInitializeOnLoadAttributes (1535ms)
				ProcessInitializeOnLoadMethodAttributes (91ms)
				AfterProcessingInitializeOnLoad (34ms)
				EditorAssembliesLoaded (0ms)
			ExecutionOrderSort2 (0ms)
			AwakeInstancesAfterBackupRestoration (34ms)
Platform modules already initialized, skipping
Refreshing native plugins compatible for Editor in 1.07 ms, found 3 plugins.
Preloading 0 native plugins for Editor in 0.00 ms.
Unloading 3091 Unused Serialized files (Serialized files now loaded: 0)
Unloading 32 unused Assets / (0.7 MB). Loaded Objects now: 3704.
Memory consumption went from 109.5 MB to 108.8 MB.
Total: 14.003500 ms (FindLiveObjects: 0.699500 ms CreateObjectMapping: 0.550500 ms MarkObjects: 11.621400 ms  DeleteObjects: 1.128900 ms)

AssetImportParameters requested are different than current active one (requested -> active):
  custom:video-decoder-ogg-theora: a1e56fd34408186e4bbccfd4996cb3dc -> 
  custom:container-muxer-webm: aa71ff27fc2769a1b78a27578f13a17b -> 
  custom:container-demuxer-webm: 4f35f7cbe854078d1ac9338744f61a02 -> 
  custom:video-encoder-webm-vp8: eb34c28f22e8b96e1ab97ce403110664 -> 
  custom:video-codec-MediaFoundation-h265: 746d11721c4dcdbdad8f713fa42b33f4 -> 
  custom:CustomObjectIndexerAttribute: bc11b3a6c3213fcdd17b65e7da85e133 -> 
  custom:audio-encoder-webm-vorbis: bf7c407c2cedff20999df2af8eb42d56 -> 
  custom:framework-win-MediaFoundation: 216162199b28c13a410421893ffa2e32 -> 
  custom:SearchIndexIgnoredProperties: e643bd26f0fe6173181afceb89e7c659 -> 
  custom:container-demuxer-ogg: 62fdf1f143b41e24485cea50d1cbac27 -> 
  custom:video-decoder-webm-vp8: 9c59270c3fd7afecdb556c50c9e8de78 -> 
  custom:audio-decoder-ogg-vorbis: bf7c407c2cedff20999df2af8eb42d56 -> 
